-- MariaDB dump 10.19  Distrib 10.5.12-MariaDB, for Linux (x86_64)
--
-- Host: mysql.hostinger.ro    Database: u574849695_23
-- ------------------------------------------------------
-- Server version	10.5.12-MariaDB-cll-lve

/*!40101 SET @OLD_CHARACTER_SET_CLIENT=@@CHARACTER_SET_CLIENT */;
/*!40101 SET @OLD_CHARACTER_SET_RESULTS=@@CHARACTER_SET_RESULTS */;
/*!40101 SET @OLD_COLLATION_CONNECTION=@@COLLATION_CONNECTION */;
/*!40101 SET NAMES utf8mb4 */;
/*!40103 SET @OLD_TIME_ZONE=@@TIME_ZONE */;
/*!40103 SET TIME_ZONE='+00:00' */;
/*!40014 SET @OLD_UNIQUE_CHECKS=@@UNIQUE_CHECKS, UNIQUE_CHECKS=0 */;
/*!40014 SET @OLD_FOREIGN_KEY_CHECKS=@@FOREIGN_KEY_CHECKS, FOREIGN_KEY_CHECKS=0 */;
/*!40101 SET @OLD_SQL_MODE=@@SQL_MODE, SQL_MODE='NO_AUTO_VALUE_ON_ZERO' */;
/*!40111 SET @OLD_SQL_NOTES=@@SQL_NOTES, SQL_NOTES=0 */;

--
-- Table structure for table `communities`
--

DROP TABLE IF EXISTS `communities`;
/*!40101 SET @saved_cs_client     = @@character_set_client */;
/*!40101 SET character_set_client = utf8 */;
CREATE TABLE `communities` (
  `id` bigint(20) unsigned NOT NULL AUTO_INCREMENT,
  `name` varchar(150) COLLATE utf8mb4_unicode_ci DEFAULT NULL,
  `admin_user_id` bigint(20) unsigned DEFAULT NULL,
  PRIMARY KEY (`id`),
  KEY `communities_name_idx` (`name`),
  KEY `admin_user_id` (`admin_user_id`),
  CONSTRAINT `communities_ibfk_1` FOREIGN KEY (`admin_user_id`) REFERENCES `users` (`id`) ON DELETE SET NULL ON UPDATE CASCADE
) ENGINE=InnoDB AUTO_INCREMENT=101 DEFAULT CHARSET=utf8mb4 COLLATE=utf8mb4_unicode_ci;
/*!40101 SET character_set_client = @saved_cs_client */;

--
-- Dumping data for table `communities`
--

LOCK TABLES `communities` WRITE;
/*!40000 ALTER TABLE `communities` DISABLE KEYS */;
INSERT INTO `communities` VALUES (1,'velit',1),(2,'impedit',2),(3,'iusto',3),(4,'rerum',4),(5,'doloribus',5),(6,'quis',6),(7,'amet',7),(8,'nihil',8),(9,'omnis',9),(10,'a',10),(11,'et',11),(12,'laborum',12),(13,'quo',13),(14,'vel',14),(15,'rerum',15),(16,'maiores',16),(17,'dolor',17),(18,'et',18),(19,'neque',19),(20,'nihil',20),(21,'et',21),(22,'dignissimos',22),(23,'hic',23),(24,'quas',24),(25,'harum',25),(26,'voluptatem',26),(27,'sunt',27),(28,'alias',28),(29,'porro',29),(30,'ullam',30),(31,'voluptatem',31),(32,'qui',32),(33,'dicta',33),(34,'laudantium',34),(35,'sed',35),(36,'a',36),(37,'eum',37),(38,'id',38),(39,'molestiae',39),(40,'soluta',40),(41,'adipisci',41),(42,'saepe',42),(43,'tempore',43),(44,'quia',44),(45,'minima',45),(46,'consequuntur',46),(47,'doloribus',47),(48,'dolores',48),(49,'ipsam',49),(50,'ducimus',50),(51,'vitae',51),(52,'adipisci',52),(53,'quia',53),(54,'rerum',54),(55,'voluptatem',55),(56,'eos',56),(57,'sequi',57),(58,'non',58),(59,'autem',59),(60,'nihil',60),(61,'nostrum',61),(62,'provident',62),(63,'est',63),(64,'autem',64),(65,'consequuntur',65),(66,'et',66),(67,'mollitia',67),(68,'magni',68),(69,'quasi',69),(70,'suscipit',70),(71,'tenetur',71),(72,'iusto',72),(73,'maiores',73),(74,'quibusdam',74),(75,'distinctio',75),(76,'adipisci',76),(77,'porro',77),(78,'molestias',78),(79,'facilis',79),(80,'ex',80),(81,'reiciendis',81),(82,'ad',82),(83,'nobis',83),(84,'vel',84),(85,'qui',85),(86,'est',86),(87,'vero',87),(88,'dolores',88),(89,'iste',89),(90,'provident',90),(91,'eius',91),(92,'in',92),(93,'beatae',93),(94,'magnam',94),(95,'voluptas',95),(96,'facilis',96),(97,'qui',97),(98,'sunt',98),(99,'ut',99),(100,'minima',100);
/*!40000 ALTER TABLE `communities` ENABLE KEYS */;
UNLOCK TABLES;

--
-- Table structure for table `friend_requests`
--

DROP TABLE IF EXISTS `friend_requests`;
/*!40101 SET @saved_cs_client     = @@character_set_client */;
/*!40101 SET character_set_client = utf8 */;
CREATE TABLE `friend_requests` (
  `initiator_user_id` bigint(20) unsigned NOT NULL,
  `target_user_id` bigint(20) unsigned NOT NULL,
  `status` enum('requested','approved','declined','unfriended') COLLATE utf8mb4_unicode_ci DEFAULT NULL,
  `requested_at` datetime DEFAULT current_timestamp(),
  `updated_at` datetime DEFAULT NULL ON UPDATE current_timestamp(),
  PRIMARY KEY (`initiator_user_id`,`target_user_id`),
  KEY `target_user_id` (`target_user_id`),
  CONSTRAINT `friend_requests_ibfk_1` FOREIGN KEY (`initiator_user_id`) REFERENCES `users` (`id`) ON DELETE CASCADE ON UPDATE CASCADE,
  CONSTRAINT `friend_requests_ibfk_2` FOREIGN KEY (`target_user_id`) REFERENCES `users` (`id`) ON DELETE CASCADE ON UPDATE CASCADE
) ENGINE=InnoDB DEFAULT CHARSET=utf8mb4 COLLATE=utf8mb4_unicode_ci;
/*!40101 SET character_set_client = @saved_cs_client */;

--
-- Dumping data for table `friend_requests`
--

LOCK TABLES `friend_requests` WRITE;
/*!40000 ALTER TABLE `friend_requests` DISABLE KEYS */;
INSERT INTO `friend_requests` VALUES (1,1,'requested','1991-06-19 03:41:28','2015-03-14 03:03:30'),(2,2,'approved','1998-04-04 23:10:08','1979-07-26 21:41:20'),(3,3,'approved','2019-07-16 03:47:08','1992-08-23 02:59:43'),(4,4,'approved','1987-11-25 20:36:53','1988-01-12 14:15:28'),(5,5,'approved','1974-07-17 10:28:03','1988-11-10 19:39:01'),(6,6,'approved','1988-03-31 09:32:30','1983-04-02 16:11:04'),(7,7,'requested','2000-04-05 17:09:42','2005-04-12 11:50:12'),(8,8,'requested','2012-07-13 00:25:43','2018-12-15 18:30:39'),(9,9,'unfriended','2017-01-15 22:39:04','1978-04-07 16:05:30'),(10,10,'requested','1978-07-04 06:42:00','1988-10-19 15:28:35'),(11,11,'unfriended','1978-09-16 06:39:44','2002-11-10 15:32:01'),(12,12,'approved','1981-04-17 12:41:52','1977-04-30 01:33:41'),(13,13,'requested','1975-02-19 04:57:40','1973-05-04 14:27:40'),(14,14,'declined','2014-07-06 22:36:49','2007-09-12 10:40:25'),(15,15,'declined','2007-12-30 11:22:12','2011-07-17 01:25:06'),(16,16,'approved','1997-06-18 13:05:47','1985-02-04 11:34:57'),(17,17,'approved','2020-04-03 17:50:46','1975-10-01 09:59:51'),(18,18,'approved','1973-05-10 06:52:43','1982-01-29 01:26:41'),(19,19,'requested','1976-12-05 13:02:32','1980-10-17 15:43:37'),(20,20,'approved','1980-04-24 08:59:26','1972-07-27 12:03:01'),(21,21,'unfriended','2008-06-07 16:02:13','1979-06-27 01:16:14'),(22,22,'requested','2017-05-28 14:50:21','1985-04-18 18:58:42'),(23,23,'unfriended','2008-06-25 04:00:33','2019-01-01 08:45:55'),(24,24,'approved','2013-06-17 06:40:20','2001-03-14 00:45:54'),(25,25,'approved','1990-10-26 00:31:25','2013-01-17 10:09:51'),(26,26,'approved','1973-09-19 23:13:35','2001-08-21 05:48:39'),(27,27,'approved','1983-06-17 02:33:07','1990-03-21 05:32:40'),(28,28,'unfriended','1991-12-30 02:48:35','1972-06-08 18:16:34'),(29,29,'unfriended','1991-02-21 10:41:25','1982-03-25 13:50:46'),(30,30,'approved','2012-11-21 19:11:35','1999-04-14 12:49:45'),(31,31,'approved','1979-08-26 09:49:47','2003-08-21 23:23:04'),(32,32,'requested','1996-07-27 03:23:49','1996-04-02 22:35:49'),(33,33,'requested','1971-08-27 08:39:06','1975-10-04 06:42:51'),(34,34,'approved','2016-08-17 03:02:38','2021-09-02 11:48:33'),(35,35,'declined','2021-08-09 13:18:37','1981-05-09 03:46:34'),(36,36,'declined','2010-11-18 20:23:43','1971-02-27 00:51:15'),(37,37,'unfriended','1996-03-21 19:03:41','2012-09-26 20:44:22'),(38,38,'unfriended','1988-07-10 16:52:57','1983-08-02 03:45:13'),(39,39,'unfriended','2012-12-31 19:53:39','2003-04-25 18:45:51'),(40,40,'approved','1993-06-27 11:05:28','2020-02-28 00:43:51'),(41,41,'declined','2007-10-12 04:15:01','2021-07-27 01:48:38'),(42,42,'declined','2014-01-06 05:41:22','1995-11-09 04:38:06'),(43,43,'declined','2012-01-23 09:12:31','1995-01-17 23:48:19'),(44,44,'declined','1992-01-13 11:13:40','1970-12-06 14:45:58'),(45,45,'requested','1986-07-24 03:17:22','1988-12-19 15:06:56'),(46,46,'declined','1974-09-06 04:52:27','1993-09-02 01:27:52'),(47,47,'approved','1970-07-27 15:10:31','2000-01-17 06:41:25'),(48,48,'unfriended','1987-07-28 15:32:15','2004-11-24 17:19:10'),(49,49,'unfriended','2017-12-18 11:59:39','2001-05-18 01:58:22'),(50,50,'approved','2020-06-20 18:38:11','1979-06-06 12:18:13'),(51,51,'declined','1971-06-08 02:05:11','2014-12-15 12:35:49'),(52,52,'approved','1985-07-08 08:38:10','2013-05-21 17:47:49'),(53,53,'unfriended','2007-02-05 03:10:56','1980-09-08 22:22:39'),(54,54,'unfriended','2010-10-08 12:07:12','1980-06-28 07:23:20'),(55,55,'requested','1996-05-30 22:04:17','1987-02-17 04:39:16'),(56,56,'requested','2004-05-19 04:55:57','1983-08-27 17:14:23'),(57,57,'requested','1986-06-04 02:28:08','1991-08-11 01:33:03'),(58,58,'unfriended','2011-02-02 16:25:02','1971-02-17 10:46:44'),(59,59,'unfriended','1982-01-12 19:43:19','1994-03-09 21:02:54'),(60,60,'requested','1990-07-28 20:32:19','1983-01-16 19:52:54'),(61,61,'requested','2003-05-10 22:18:51','1970-08-12 05:37:09'),(62,62,'approved','1970-08-21 13:17:27','1994-08-26 18:04:08'),(63,63,'approved','1970-05-11 06:57:26','2001-05-13 11:29:11'),(64,64,'approved','2018-11-09 10:13:46','1977-06-09 14:24:14'),(65,65,'declined','2009-11-21 00:36:33','1981-04-24 13:05:23'),(66,66,'unfriended','2005-10-14 01:46:37','1996-01-10 10:33:09'),(67,67,'requested','1973-05-02 14:15:48','1982-10-04 20:14:14'),(68,68,'approved','2006-07-16 23:39:05','2016-12-23 12:31:19'),(69,69,'unfriended','2014-08-01 08:17:41','2020-10-26 06:51:23'),(70,70,'requested','1985-01-15 11:52:23','2013-09-10 04:52:48'),(71,71,'approved','1990-03-23 15:33:09','2017-04-20 06:48:54'),(72,72,'approved','1975-11-15 14:16:02','2003-02-23 08:14:22'),(73,73,'approved','1992-10-09 07:43:43','1973-08-11 18:11:55'),(74,74,'declined','1975-11-19 16:11:52','2006-11-20 14:13:50'),(75,75,'declined','1992-02-19 18:22:26','2011-01-02 17:32:12'),(76,76,'unfriended','1985-04-18 17:12:47','2020-09-07 15:33:58'),(77,77,'approved','1977-10-02 23:24:36','1985-11-29 16:05:16'),(78,78,'requested','1996-08-23 07:53:50','1983-02-06 02:18:59'),(79,79,'approved','1981-02-26 12:13:08','1988-10-06 23:07:43'),(80,80,'unfriended','1999-04-20 22:22:22','2004-06-30 20:10:58'),(81,81,'unfriended','1988-04-14 23:38:21','2021-09-07 15:37:15'),(82,82,'unfriended','1983-05-08 04:16:05','2018-09-02 21:31:23'),(83,83,'requested','1984-04-16 14:51:07','2014-03-01 22:35:00'),(84,84,'unfriended','2008-10-08 04:48:34','2016-02-13 14:00:42'),(85,85,'unfriended','1991-06-10 07:01:03','1984-11-25 10:57:49'),(86,86,'approved','1999-04-11 00:01:33','1986-08-19 15:25:08'),(87,87,'declined','2013-10-16 17:57:56','1987-06-29 08:31:56'),(88,88,'unfriended','1998-12-01 19:10:18','1982-07-08 18:08:36'),(89,89,'requested','1980-09-09 17:32:09','2007-01-17 20:41:05'),(90,90,'declined','2012-06-28 10:23:08','2002-05-28 07:27:40'),(91,91,'declined','2002-10-18 08:26:07','2021-03-22 18:47:04'),(92,92,'unfriended','2013-08-13 20:46:10','1997-10-09 15:11:26'),(93,93,'declined','1997-07-23 03:25:21','1973-04-09 16:51:49'),(94,94,'requested','2018-12-21 16:32:18','1972-01-25 02:32:41'),(95,95,'declined','2017-01-11 02:07:10','1976-08-24 16:43:52'),(96,96,'unfriended','2021-04-16 16:59:00','2015-05-16 02:30:07'),(97,97,'unfriended','2011-02-14 14:17:00','1996-07-09 07:27:37'),(98,98,'requested','1993-08-15 02:53:10','1979-08-11 15:37:28'),(99,99,'unfriended','2001-01-21 02:34:15','1999-03-15 14:28:36'),(100,100,'unfriended','1981-08-20 07:24:07','2020-07-18 18:31:18');
/*!40000 ALTER TABLE `friend_requests` ENABLE KEYS */;
UNLOCK TABLES;

--
-- Table structure for table `likes`
--

DROP TABLE IF EXISTS `likes`;
/*!40101 SET @saved_cs_client     = @@character_set_client */;
/*!40101 SET character_set_client = utf8 */;
CREATE TABLE `likes` (
  `id` bigint(20) unsigned NOT NULL AUTO_INCREMENT,
  `user_id` bigint(20) unsigned NOT NULL,
  `media_id` bigint(20) unsigned NOT NULL,
  `created_at` datetime DEFAULT current_timestamp(),
  PRIMARY KEY (`id`),
  KEY `user_id` (`user_id`),
  KEY `media_id` (`media_id`),
  CONSTRAINT `likes_ibfk_1` FOREIGN KEY (`user_id`) REFERENCES `users` (`id`) ON DELETE CASCADE ON UPDATE CASCADE,
  CONSTRAINT `likes_ibfk_2` FOREIGN KEY (`media_id`) REFERENCES `media` (`id`) ON DELETE CASCADE ON UPDATE CASCADE
) ENGINE=InnoDB AUTO_INCREMENT=101 DEFAULT CHARSET=utf8mb4 COLLATE=utf8mb4_unicode_ci;
/*!40101 SET character_set_client = @saved_cs_client */;

--
-- Dumping data for table `likes`
--

LOCK TABLES `likes` WRITE;
/*!40000 ALTER TABLE `likes` DISABLE KEYS */;
INSERT INTO `likes` VALUES (1,1,1,'1979-01-07 09:37:25'),(2,2,2,'1974-03-06 18:03:14'),(3,3,3,'2003-12-03 15:02:45'),(4,4,4,'1999-06-16 06:55:29'),(5,5,5,'1973-05-12 05:20:15'),(6,6,6,'2002-10-13 07:35:48'),(7,7,7,'1988-06-24 13:45:32'),(8,8,8,'1970-06-11 13:17:46'),(9,9,9,'1995-06-11 08:00:32'),(10,10,10,'1976-06-05 04:16:03'),(11,11,11,'1983-05-09 03:13:21'),(12,12,12,'1970-03-15 00:04:34'),(13,13,13,'1997-04-07 16:40:01'),(14,14,14,'1980-11-01 02:19:06'),(15,15,15,'1995-07-08 01:05:29'),(16,16,16,'1978-06-28 04:55:42'),(17,17,17,'1996-07-15 09:52:34'),(18,18,18,'2006-07-27 12:50:28'),(19,19,19,'1970-11-23 10:44:41'),(20,20,20,'2013-01-27 12:28:14'),(21,21,21,'1984-12-28 23:50:02'),(22,22,22,'2005-01-08 09:16:17'),(23,23,23,'1977-03-03 13:56:20'),(24,24,24,'1981-03-25 11:42:06'),(25,25,25,'2001-07-29 08:55:06'),(26,26,26,'1973-01-08 06:18:22'),(27,27,27,'2012-05-09 05:02:09'),(28,28,28,'1976-02-19 14:51:06'),(29,29,29,'2016-06-22 14:47:50'),(30,30,30,'1989-10-10 19:47:23'),(31,31,31,'2007-11-05 17:32:52'),(32,32,32,'1970-01-12 12:31:08'),(33,33,33,'1971-10-18 02:42:23'),(34,34,34,'2021-06-02 08:11:41'),(35,35,35,'2007-04-01 06:09:37'),(36,36,36,'1994-11-19 05:42:15'),(37,37,37,'2013-11-27 08:53:49'),(38,38,38,'1975-01-05 20:38:49'),(39,39,39,'2017-01-05 01:06:00'),(40,40,40,'2012-07-13 02:29:55'),(41,41,41,'2021-10-01 19:24:44'),(42,42,42,'2021-10-18 17:30:28'),(43,43,43,'2006-05-08 05:20:22'),(44,44,44,'1991-05-10 14:33:31'),(45,45,45,'2014-03-01 14:55:24'),(46,46,46,'1972-10-02 04:17:27'),(47,47,47,'2018-10-07 13:22:43'),(48,48,48,'2017-07-05 23:16:17'),(49,49,49,'2010-09-17 13:14:45'),(50,50,50,'2014-06-23 05:34:24'),(51,51,51,'1986-03-28 02:49:19'),(52,52,52,'2008-12-01 03:25:11'),(53,53,53,'2005-02-20 04:59:09'),(54,54,54,'2002-09-06 06:28:05'),(55,55,55,'2014-12-29 05:44:59'),(56,56,56,'2001-04-12 09:07:28'),(57,57,57,'1971-06-19 00:27:17'),(58,58,58,'1997-02-18 02:20:07'),(59,59,59,'1977-05-28 19:14:17'),(60,60,60,'1979-06-10 15:23:50'),(61,61,61,'2015-11-26 02:32:43'),(62,62,62,'1977-01-21 07:06:09'),(63,63,63,'1992-02-11 18:38:00'),(64,64,64,'2016-05-28 02:23:04'),(65,65,65,'1970-03-07 22:09:04'),(66,66,66,'2007-01-24 00:02:59'),(67,67,67,'2001-02-18 18:08:18'),(68,68,68,'2016-11-22 19:38:40'),(69,69,69,'2021-05-06 06:40:11'),(70,70,70,'1972-01-26 06:14:23'),(71,71,71,'2002-11-14 19:01:38'),(72,72,72,'2011-06-11 06:52:15'),(73,73,73,'2012-08-01 17:56:30'),(74,74,74,'2006-04-29 15:59:44'),(75,75,75,'2000-01-05 21:24:32'),(76,76,76,'1981-05-20 23:35:56'),(77,77,77,'1988-01-31 08:30:52'),(78,78,78,'1970-08-02 07:41:34'),(79,79,79,'1981-05-11 00:47:48'),(80,80,80,'1995-04-05 07:08:39'),(81,81,81,'1971-01-02 17:27:07'),(82,82,82,'1998-06-05 18:11:58'),(83,83,83,'1987-03-19 19:59:10'),(84,84,84,'2012-05-04 11:38:05'),(85,85,85,'1976-07-20 09:04:10'),(86,86,86,'1990-05-01 22:10:00'),(87,87,87,'1994-04-04 19:58:38'),(88,88,88,'1987-04-27 09:13:21'),(89,89,89,'2002-03-24 19:25:36'),(90,90,90,'2017-12-29 23:18:48'),(91,91,91,'1993-01-26 12:15:27'),(92,92,92,'1973-11-06 06:25:26'),(93,93,93,'1983-08-07 16:18:07'),(94,94,94,'1982-05-14 23:19:59'),(95,95,95,'1996-07-16 16:05:14'),(96,96,96,'1970-02-17 15:07:00'),(97,97,97,'1977-08-18 19:26:24'),(98,98,98,'1982-07-21 18:03:37'),(99,99,99,'1994-08-05 10:26:15'),(100,100,100,'1985-08-06 17:11:11');
/*!40000 ALTER TABLE `likes` ENABLE KEYS */;
UNLOCK TABLES;

--
-- Table structure for table `media`
--

DROP TABLE IF EXISTS `media`;
/*!40101 SET @saved_cs_client     = @@character_set_client */;
/*!40101 SET character_set_client = utf8 */;
CREATE TABLE `media` (
  `id` bigint(20) unsigned NOT NULL AUTO_INCREMENT,
  `media_type_id` bigint(20) unsigned DEFAULT NULL,
  `user_id` bigint(20) unsigned NOT NULL,
  `body` text COLLATE utf8mb4_unicode_ci DEFAULT NULL,
  `filename` varchar(255) COLLATE utf8mb4_unicode_ci DEFAULT NULL,
  `size` int(11) DEFAULT NULL,
  `metadata` longtext CHARACTER SET utf8mb4 COLLATE utf8mb4_bin DEFAULT NULL CHECK (json_valid(`metadata`)),
  `created_at` datetime DEFAULT current_timestamp(),
  `updated_at` datetime DEFAULT current_timestamp() ON UPDATE current_timestamp(),
  PRIMARY KEY (`id`),
  KEY `user_id` (`user_id`),
  KEY `media_type_id` (`media_type_id`),
  CONSTRAINT `media_ibfk_1` FOREIGN KEY (`user_id`) REFERENCES `users` (`id`) ON DELETE CASCADE ON UPDATE CASCADE,
  CONSTRAINT `media_ibfk_2` FOREIGN KEY (`media_type_id`) REFERENCES `media_types` (`id`) ON DELETE SET NULL ON UPDATE CASCADE
) ENGINE=InnoDB AUTO_INCREMENT=101 DEFAULT CHARSET=utf8mb4 COLLATE=utf8mb4_unicode_ci;
/*!40101 SET character_set_client = @saved_cs_client */;

--
-- Dumping data for table `media`
--

LOCK TABLES `media` WRITE;
/*!40000 ALTER TABLE `media` DISABLE KEYS */;
INSERT INTO `media` VALUES (1,1,1,'Consectetur nostrum vel consectetur quos provident. Nobis enim ut et quis quo facere. Dicta eaque vel eum et officiis nihil ipsam voluptates.','quia',992613,NULL,'1977-04-15 06:00:33','1971-07-11 12:12:15'),(2,2,2,'Omnis et doloremque aliquid ut et. Alias vel culpa id veniam. Quas voluptatem sequi provident vel. Et non porro dolorum exercitationem architecto libero totam sequi.','cupiditate',19,NULL,'1977-07-19 09:13:22','1980-06-11 05:41:09'),(3,3,3,'Voluptas suscipit ipsum autem non aliquid facilis totam. Error est reprehenderit sint animi in voluptatibus a. Eos quidem esse at quasi possimus.','quod',0,NULL,'2005-09-16 21:33:10','1993-11-08 22:45:49'),(4,4,4,'Assumenda facere illum nihil quas. Iure at voluptas et incidunt in.','sed',5434,NULL,'2009-03-11 11:11:36','2010-12-24 00:47:23'),(5,5,5,'Eos ut amet recusandae animi molestiae. Iste quis corrupti velit ex. Fugit beatae itaque voluptatem doloribus. Qui qui eligendi aspernatur dolorum.','nobis',0,NULL,'1972-12-06 04:12:37','1999-08-16 02:23:41'),(6,6,6,'Alias nisi eligendi facere adipisci voluptatem fugit sint. Voluptatem asperiores enim dolorem sunt in sint eaque ad. Aliquam dolore odio natus eos asperiores nihil et.','officia',90397,NULL,'2012-02-04 20:01:37','1984-10-01 23:20:46'),(7,7,7,'Dolor expedita sunt est animi atque accusantium est. Voluptatibus consequatur velit voluptas ut accusamus. Quibusdam id iusto adipisci et repudiandae veritatis amet. Omnis sit corrupti exercitationem sit incidunt vitae corporis.','sapiente',345537380,NULL,'2020-01-04 05:44:18','1991-10-25 11:45:15'),(8,8,8,'Quibusdam recusandae ratione quia. Voluptas rerum corrupti ad dignissimos quisquam tempore quam. Est et aut omnis laborum eum beatae. Rerum dignissimos quae voluptatem.','iste',1,NULL,'1998-05-05 15:16:14','2000-06-23 00:34:35'),(9,9,9,'Deleniti nisi itaque facilis ut. Quisquam minima perferendis recusandae officia. Nulla vel et ut ratione.','numquam',71484,NULL,'1977-04-29 16:26:40','2006-03-01 19:29:08'),(10,10,10,'Perspiciatis debitis magni ut. Ab beatae saepe dolores id qui molestias tempore. Aut eligendi voluptatem quos cum deleniti illum. Accusamus optio qui harum officia in.','iste',26,NULL,'2019-02-23 16:50:18','1977-08-20 09:17:28'),(11,11,11,'Ut excepturi et ut. Atque tempore tempora ex vitae pariatur magnam nam. Veritatis sed omnis similique fuga cum.','voluptatem',187,NULL,'2011-12-23 22:38:10','1989-05-12 06:43:28'),(12,12,12,'Molestias velit ab vero magni quibusdam ea libero. Magnam nulla et cumque quasi qui aut. Voluptatem perferendis odit dolores et explicabo quo qui eaque.','distinctio',74032215,NULL,'1985-12-23 08:34:34','2009-06-06 18:43:57'),(13,13,13,'Dolor reiciendis voluptatum qui repellat qui temporibus a. Consequatur autem magni ut officiis aut. Debitis assumenda placeat explicabo quisquam incidunt vitae. Illo qui impedit non provident architecto sint.','fugit',85833,NULL,'2011-06-02 06:09:00','1982-06-13 22:09:23'),(14,14,14,'Magnam repudiandae provident ratione magnam qui alias. Voluptatem ea ex in eius et. Dicta et veniam sint necessitatibus iusto facere ad. Laborum debitis distinctio incidunt animi ut ut. Et alias quia quam quis.','aut',1,NULL,'1970-07-14 22:37:34','1992-07-09 12:40:58'),(15,15,15,'Eveniet qui enim et ut eligendi. Maiores fuga non officiis eligendi. Id modi consequatur vel ad nihil. Est quae consequuntur possimus similique iste ducimus dolor nulla.','consequatur',9937,NULL,'1991-07-18 04:05:19','1992-11-17 15:13:03'),(16,16,16,'Pariatur non et quo natus. Enim molestiae ut tenetur. Est consequatur dolores dolor.','eum',58760176,NULL,'1976-09-16 19:52:43','1993-03-04 10:06:21'),(17,17,17,'Nulla voluptates perferendis quia qui. Consequatur occaecati reiciendis tempore. Et reiciendis ut asperiores quos rerum est. Eligendi quidem sequi eaque quae eos vel veritatis.','qui',1355,NULL,'1992-12-08 02:45:08','1989-11-02 20:31:43'),(18,18,18,'Laborum eveniet voluptas ducimus similique ea. Aperiam perspiciatis facere doloremque iste adipisci. Ea numquam numquam optio sed. Qui maiores harum dignissimos repudiandae vero quaerat.','et',849881,NULL,'2006-01-22 21:03:41','1985-07-02 04:54:00'),(19,19,19,'Minima dolorum ad voluptatem. Ut dolor ducimus placeat voluptates similique. Recusandae illo eos error qui odio cum temporibus. Ratione accusantium aperiam et quaerat inventore.','ut',109553,NULL,'1975-12-12 05:38:55','2001-12-09 05:12:22'),(20,20,20,'Praesentium perspiciatis dolor impedit dolorem non tenetur natus hic. Et provident et doloribus dolor eum fugiat sed. Dolores amet quibusdam rerum. Voluptate ut unde perferendis quia illum harum.','voluptatem',7322840,NULL,'1996-10-03 02:50:40','2019-10-12 06:22:39'),(21,21,21,'Possimus iusto et aspernatur nihil amet. Quia necessitatibus omnis sunt eaque tempore perspiciatis a. Fugiat maxime dolor deserunt sit ut. Culpa vel sit molestiae modi.','ut',465152401,NULL,'1993-01-01 23:43:05','2017-10-24 22:55:10'),(22,22,22,'Adipisci a fugiat iste harum. Voluptatem tempore necessitatibus consequatur. Labore voluptas quas consectetur at voluptate eos sit. Et nostrum magni cupiditate aliquid.','illo',643,NULL,'1999-12-25 19:14:05','1987-08-10 02:27:20'),(23,23,23,'Natus suscipit consequuntur qui debitis illo voluptatibus expedita. Qui corporis animi aut ab. Sapiente impedit et expedita ut explicabo iure debitis. Sed aperiam est nihil error.','quo',91447,NULL,'1999-04-05 00:10:06','1997-04-11 13:50:35'),(24,24,24,'Dolore eveniet dolorum quas. At doloremque aut dolorem qui et.','placeat',1,NULL,'1977-05-21 02:28:59','1979-11-28 08:20:54'),(25,25,25,'Eum quia voluptas quam. Et ut dolorem qui consequatur. Laborum voluptas sequi atque iure veniam nam. Consequatur aut sit quia odit quam non.','officiis',56,NULL,'2008-04-24 00:39:05','1973-05-28 14:07:50'),(26,26,26,'Debitis aut id ducimus et. Debitis quia dignissimos reiciendis nostrum ipsa. Necessitatibus explicabo laborum repellat eveniet in nulla repellendus adipisci. Exercitationem fuga voluptatem earum dicta voluptate consequatur.','repellendus',73310581,NULL,'1995-11-25 04:23:34','2004-11-27 18:06:06'),(27,27,27,'Harum in et recusandae atque. Aut repudiandae eos consequatur amet et molestiae. Praesentium odio sequi dolorem pariatur nam magnam. Repellat deserunt eos dignissimos est.','id',0,NULL,'1988-09-19 03:30:45','1983-07-08 04:40:39'),(28,28,28,'Laborum quasi consequatur repudiandae magnam ducimus voluptates. Aut nesciunt alias illo. Mollitia nisi est cumque alias molestiae delectus quos et. Quaerat maxime molestiae ipsa dolor a quisquam.','illum',42272,NULL,'1979-02-12 10:41:10','2013-11-20 06:08:37'),(29,29,29,'Vel sed quasi at id fuga aliquam impedit ea. Similique sed ut architecto. Iure non consequatur repellat officia qui.','excepturi',595,NULL,'2008-02-29 23:01:12','2021-04-05 07:11:02'),(30,30,30,'Ea eos et autem voluptatem suscipit cumque facere. Et et ut corrupti rerum. Sed ut eius autem.','aut',46,NULL,'2012-12-26 22:17:41','2018-12-21 11:53:43'),(31,31,31,'Aut dolorem provident accusantium laborum mollitia. Fugit in sunt laudantium incidunt dolores dolores illum.','cupiditate',309829,NULL,'2003-10-19 14:52:42','2015-12-24 14:50:54'),(32,32,32,'Laboriosam temporibus quis ut sint ab consequatur nemo. Eum temporibus reiciendis eveniet et. In rerum omnis omnis non.','exercitationem',5853,NULL,'1995-12-20 14:33:48','2000-05-21 09:41:32'),(33,33,33,'Qui dolore ipsam incidunt sapiente. Architecto est maiores aspernatur modi nostrum. Commodi ullam quae omnis quis. Tempora reprehenderit et reprehenderit distinctio.','voluptatem',805,NULL,'1970-06-03 06:05:32','2019-01-01 04:47:15'),(34,34,34,'Doloribus aliquid ipsa magnam doloremque quis sunt. Nisi nesciunt soluta beatae veritatis non ab. Provident labore et molestiae et sequi perferendis.','eligendi',0,NULL,'1974-02-04 12:26:31','1978-04-25 06:39:25'),(35,35,35,'Magnam occaecati in voluptates excepturi sed. Neque magnam beatae iste provident aut. Ipsam et consequatur pariatur eum ipsam delectus assumenda.','consequatur',791009369,NULL,'1994-05-06 02:12:04','2021-04-25 08:46:35'),(36,36,36,'Et repudiandae aspernatur eum consequatur dolores. Sit cum officia cumque et quam sit consequatur. Cupiditate similique quae veniam qui.','ea',368036414,NULL,'1993-07-13 12:14:27','2004-12-05 14:13:44'),(37,37,37,'Dolorum impedit a omnis omnis natus et veritatis. Et quam alias enim in distinctio. Recusandae aut qui ratione harum nulla ut. Praesentium explicabo ex praesentium tenetur et rerum.','sit',769782487,NULL,'1980-04-23 08:01:23','1997-06-29 04:11:03'),(38,38,38,'Eius reiciendis mollitia qui. Quae facere cumque vel vitae. Ea aut mollitia et ea iusto quas animi.','non',486,NULL,'2011-11-11 09:36:05','2002-12-02 02:40:46'),(39,39,39,'Praesentium doloremque est quo qui. Excepturi odio non non dicta facilis. Eveniet dolorem sit quibusdam quae voluptatem.','expedita',37001,NULL,'2014-09-30 09:01:21','2014-01-27 06:47:21'),(40,40,40,'Exercitationem id debitis dolores dolorem animi. Et est culpa veniam voluptatum nisi alias omnis. Et voluptas autem minus id non et.','consequatur',300285,NULL,'1987-06-18 04:34:14','1992-10-02 20:21:15'),(41,41,41,'Molestiae nisi non ut qui atque. Et laudantium dolor natus qui reiciendis consectetur delectus. Rerum fugit minus aut possimus assumenda. Possimus aperiam facere ut atque voluptas repudiandae rerum.','blanditiis',167,NULL,'1973-08-19 13:11:20','1985-06-20 11:45:19'),(42,42,42,'Vel enim et aut. Quisquam non eius ut sint. Quos quos explicabo non harum suscipit optio autem. Deserunt nihil rerum ut eligendi sunt.','reprehenderit',866,NULL,'2007-10-15 13:52:30','2000-02-23 23:17:38'),(43,43,43,'Iste omnis nulla fugit dolor. Id est accusantium atque dolorem. Libero optio debitis reiciendis suscipit soluta rerum molestiae.','laboriosam',452,NULL,'1980-05-05 15:27:37','1980-04-17 11:45:37'),(44,44,44,'Est assumenda alias debitis sed iusto omnis vitae hic. Quis quo cum id deserunt. Enim eius blanditiis quae enim cupiditate error alias aut.','vitae',45839,NULL,'2005-03-24 00:00:00','2008-08-18 12:35:49'),(45,45,45,'Ut ab qui ad. Ut nihil repellat voluptate quis blanditiis eveniet. Et assumenda cumque et earum ea rem. Magni rerum placeat qui non optio aut.','et',0,NULL,'1975-08-07 10:28:13','1994-05-10 09:22:54'),(46,46,46,'Dolorem rem quidem quam. In amet dolores nobis quia delectus autem voluptatem. Nisi explicabo aspernatur voluptas sit. Aut sed tenetur sint ducimus veniam delectus atque.','dolorem',50048,NULL,'1982-07-09 09:06:42','1997-12-13 15:30:55'),(47,47,47,'Numquam ut autem animi est. Saepe temporibus dolorem autem deserunt quia. Vitae sequi fugiat quo debitis quisquam quae. Iste aut et nihil consequatur laborum facere minus.','est',149173263,NULL,'1973-04-24 02:58:58','2004-08-11 18:20:52'),(48,48,48,'In quae alias voluptas ea quod consectetur quia ut. Aspernatur voluptatibus autem incidunt quae sapiente. Earum dicta numquam fugit ducimus tempora eveniet. Nisi itaque suscipit amet perferendis illo.','quis',33,NULL,'1976-09-27 19:27:03','1977-04-28 09:28:45'),(49,49,49,'Minima commodi eos delectus quasi aspernatur cumque sunt. Ut nam sunt debitis optio animi ullam officia. Soluta eveniet at ut voluptates possimus. Sed voluptate est amet pariatur.','eum',9546,NULL,'1983-01-01 21:18:50','2017-11-17 04:34:31'),(50,50,50,'Voluptatem dignissimos itaque consectetur consectetur odio. Ipsam exercitationem odit et in. Veniam atque vero placeat et molestias.','quo',19495809,NULL,'1989-07-20 15:17:15','2013-07-17 01:18:09'),(51,51,51,'Officiis laborum et aliquid alias. Autem ut quis magni sunt. Et voluptas alias fuga aperiam qui consequatur id quidem. Nulla aliquam dolor qui praesentium.','laboriosam',673837772,NULL,'1987-12-08 06:05:32','1997-03-05 00:06:14'),(52,52,52,'Quod quaerat commodi in ab sint. Repellendus et ut cupiditate dolorem fuga culpa quo magni. Dignissimos dolor quae tempore quia qui similique.','cum',51,NULL,'1983-04-20 07:00:39','1981-10-27 09:20:01'),(53,53,53,'Beatae tempore ipsam ipsam labore nihil eligendi totam. Sequi hic adipisci assumenda. Aspernatur magni dolores ea excepturi non. Aut dolorem qui non aut sunt laborum voluptatem.','inventore',93352,NULL,'1995-01-08 11:13:34','1997-07-24 00:04:37'),(54,54,54,'Sunt alias dolorem tempore omnis. Quas molestias molestias itaque quia. Repellendus qui quia eaque. Qui ratione aut velit qui.','qui',92971,NULL,'1971-06-24 12:45:30','1971-08-25 10:43:50'),(55,55,55,'Totam omnis mollitia saepe quod ut facilis. Non vel placeat qui in velit quis. Totam aut magni odio saepe magnam velit. Est aut quam ut aut quia.','aut',71,NULL,'1970-02-13 15:28:44','2011-11-08 10:55:30'),(56,56,56,'Magni laboriosam aut vitae qui sed nam velit. Velit fuga voluptas sed magni nostrum eos ipsa qui. Voluptates modi qui et aut dolorum quod. Similique nemo deserunt veritatis eum.','vero',2894561,NULL,'1999-02-04 22:21:57','2018-09-14 00:09:39'),(57,57,57,'Ducimus et architecto ut in quas. Exercitationem magni voluptatem facere consequatur. Nulla aut voluptate voluptatum consectetur non. Sint ullam rem dolore maiores pariatur a officiis.','sed',99233,NULL,'1979-04-22 09:22:35','1981-02-18 17:53:58'),(58,58,58,'Libero ad non temporibus voluptas perspiciatis. Eos dolorem alias et ex temporibus ut expedita et. Quia a facere nesciunt repellat. Excepturi quasi sapiente porro asperiores dolor.','aliquid',850882,NULL,'2015-11-04 02:51:51','1998-05-03 15:36:48'),(59,59,59,'Deleniti nihil voluptatem ipsum aliquam ut voluptas voluptas. In repellat perspiciatis est modi. Minima laborum molestiae inventore reiciendis accusamus unde quidem inventore. Neque fuga consectetur a et nemo animi.','ipsam',906586467,NULL,'2002-02-09 13:25:42','1971-01-24 17:44:03'),(60,60,60,'Quos illum autem aut. Ut qui id et eum aut. Inventore ea aut sed. Qui quas corporis laboriosam sunt rerum voluptatibus consequuntur. Est soluta minus vero at quo.','distinctio',7707,NULL,'1993-01-15 01:10:39','1990-07-23 05:18:12'),(61,61,61,'Voluptatem reiciendis odio nobis. Laboriosam placeat neque doloribus esse est ipsum. Vero vitae ut quos voluptatem quod dolorem. Aut enim repellat quis quasi nobis et in aut.','nesciunt',702,NULL,'2000-02-25 06:57:58','1978-11-29 20:42:21'),(62,62,62,'Alias aut ea odit dolore rerum facilis. Vel eligendi ex labore nihil id cum. Totam eligendi unde aliquid suscipit dolorum ex quos laboriosam. Voluptates vel sunt temporibus beatae sunt. Enim consequatur qui sed velit voluptas accusantium.','vitae',713,NULL,'1987-06-20 14:14:31','2001-11-02 08:12:21'),(63,63,63,'Eveniet quaerat iusto ea. Magni id laudantium tempore vero odio velit. Sit qui tempore magni tenetur est vel.','et',1233,NULL,'1986-04-06 04:24:58','1996-02-09 22:02:59'),(64,64,64,'Reiciendis et aut ut dolorem aut. Perspiciatis libero facere quo aut maxime in.','tempore',11,NULL,'2003-09-28 09:27:34','2003-07-24 10:48:51'),(65,65,65,'Corrupti ratione ad soluta a ut sit quia. Explicabo nihil et et fuga. Et aliquid ad qui odio. Ea accusamus aut aperiam pariatur.','quaerat',7465,NULL,'1971-05-13 17:25:16','1974-08-01 08:38:48'),(66,66,66,'Porro et aut explicabo aut itaque. Vitae ipsum dolore delectus porro sit dignissimos voluptas. Quia tempore consequuntur sapiente quos. Porro enim molestiae maxime autem quasi.','asperiores',88367,NULL,'2010-09-20 17:19:33','2021-03-20 07:09:04'),(67,67,67,'Quos nesciunt iusto consectetur sed et. Doloremque necessitatibus aspernatur et aliquid quia blanditiis. Laborum in cupiditate voluptas minima ipsam. Beatae dolor est hic aut quo ex.','unde',96,NULL,'2005-02-10 12:19:46','1982-10-11 20:04:40'),(68,68,68,'Odit sit id quidem dolore rerum. Fugit rem et cumque dolore. Omnis facilis non vel assumenda. Dolor et qui quia molestiae.','dolor',7,NULL,'1990-10-27 09:41:51','1977-11-02 16:18:57'),(69,69,69,'Et itaque aut maxime consectetur. Eius quia ut quidem rem necessitatibus qui. Consequatur autem hic recusandae nihil error quidem sapiente ad. Incidunt vitae dicta rerum similique velit consequatur itaque natus. Ut ut voluptatem unde rerum expedita.','qui',0,NULL,'2019-03-27 21:34:28','1983-02-23 00:39:07'),(70,70,70,'Et esse voluptas tenetur ducimus id. Est vel est vitae. Ea eius hic qui.','voluptatem',495,NULL,'1973-07-11 16:09:26','1989-03-11 05:36:59'),(71,71,71,'Sequi illum officiis fugit in. Sequi ut eum voluptas debitis cupiditate est ut eum. Est ipsa ratione quia asperiores dolorem. Distinctio saepe ea voluptatum rem excepturi qui libero.','vero',36,NULL,'2009-05-31 12:23:11','1970-05-07 16:33:11'),(72,72,72,'Quis eum voluptate ex enim maiores. Quod quia voluptatem est nostrum iure eum. Explicabo quis doloribus animi. Culpa atque inventore tempore ab aliquam commodi quibusdam.','molestiae',95,NULL,'1977-06-01 17:44:40','1986-05-14 11:42:37'),(73,73,73,'Odit laudantium quia nesciunt perspiciatis et. Delectus non aut unde. Voluptatum et et nihil quis.','nostrum',33562160,NULL,'1977-04-21 03:04:43','1979-08-21 02:52:16'),(74,74,74,'Quis nihil ducimus officiis. Voluptas aperiam ut cum vel ullam. Labore libero cupiditate quia quam cupiditate.','itaque',4056,NULL,'1994-11-06 16:23:06','1982-12-15 04:36:20'),(75,75,75,'Consequuntur nulla qui occaecati sit et autem consequatur voluptates. A nulla cumque suscipit iusto. Dolorum tempora vel voluptatem vero. Et ut beatae quas est.','fuga',726,NULL,'1988-07-06 22:59:28','1979-11-05 06:11:27'),(76,76,76,'Rerum nihil est et quam rerum. Quisquam esse ut nihil ducimus et culpa consequatur. Est excepturi sit facere minima voluptas dicta aliquam.','ex',15,NULL,'2021-02-18 23:25:00','2011-03-19 02:09:54'),(77,77,77,'Dolorem et adipisci necessitatibus enim fugit placeat rerum consectetur. Nobis magnam iusto modi quas magnam excepturi. Impedit quia in facere modi et omnis enim. Et perspiciatis laboriosam laborum id quibusdam voluptatibus.','est',8213,NULL,'1979-08-04 16:00:28','2002-08-22 02:48:48'),(78,78,78,'Est id quisquam est hic. Qui laboriosam a et veritatis aut aspernatur adipisci. Asperiores quaerat porro voluptates quae quidem eum dolorum. Autem fugit aliquid et non odio est optio eaque.','sequi',9,NULL,'1991-04-24 07:20:16','2006-06-28 14:45:14'),(79,79,79,'Dicta quia quae amet qui placeat expedita non. Non id porro ipsum possimus. Et deserunt quasi provident facilis eveniet. Deserunt ut et quae ducimus commodi quas asperiores.','error',0,NULL,'1971-04-28 17:23:38','1993-05-10 00:50:58'),(80,80,80,'Doloribus ipsa voluptatem similique qui. Et ea omnis a reiciendis voluptatem. Et molestiae eius aut praesentium.','dolorem',0,NULL,'1992-05-10 09:51:24','1971-11-20 23:37:28'),(81,81,81,'Vero minima et sed. Velit nobis sed rem adipisci debitis dolorum perspiciatis.','voluptatum',536,NULL,'2001-10-17 07:14:55','1985-06-26 21:38:40'),(82,82,82,'Quos aspernatur velit doloribus. Vero harum ex qui quae consectetur. Ullam expedita sed ut sed reiciendis veritatis voluptatem.','explicabo',79423,NULL,'1992-05-15 08:51:55','2009-01-24 08:11:19'),(83,83,83,'Neque expedita dolores esse sed inventore aliquid ipsa. Quidem rerum rerum ea sint nihil. Ipsum dolores non rem voluptas eum. Nesciunt sunt pariatur odio repudiandae non cum numquam.','ducimus',4394422,NULL,'2016-12-22 23:17:59','2017-08-05 06:41:23'),(84,84,84,'Eos doloremque aliquid fugiat est minus aut. Beatae impedit similique ut quia necessitatibus est quo. Aperiam sapiente consequuntur sunt voluptatibus autem et.','velit',8836,NULL,'2011-04-12 21:41:09','1982-06-21 03:39:49'),(85,85,85,'Sit explicabo voluptates inventore quisquam nulla maiores ab enim. Aliquid unde assumenda sed ad qui.','in',572355752,NULL,'2009-12-20 00:47:18','2012-06-11 13:25:00'),(86,86,86,'Rerum aut iste nulla consequatur aut est suscipit. Qui non officiis deserunt quam omnis esse aut. Commodi eum rerum in consequatur consequatur.','aliquid',8608,NULL,'2005-02-03 02:37:00','1991-11-05 03:37:06'),(87,87,87,'Et cupiditate eius eveniet. Amet placeat perferendis quo distinctio sunt. Et dolor pariatur voluptatem sint. Quia temporibus nam aperiam quo aperiam. Quia quis deserunt dolorem rerum at et dolor.','quaerat',1011950,NULL,'2001-10-03 15:07:54','1984-11-05 08:54:06'),(88,88,88,'Expedita occaecati corporis ipsam quaerat fugit. Delectus temporibus nihil architecto dolor. Eos unde voluptatem et maxime ut.','amet',187,NULL,'1984-09-11 08:31:29','1980-02-17 21:42:51'),(89,89,89,'Dolorem quae laudantium sunt repellat eligendi. Enim sit officiis quam voluptatibus maxime rerum molestiae. Sit quos voluptatibus non officia debitis.','quis',251946596,NULL,'2012-07-09 03:58:06','1999-03-06 15:33:26'),(90,90,90,'Sint laudantium earum expedita quidem. Quo dolorem maxime quis illo. Et libero eos consequuntur culpa.','fugit',2806,NULL,'1999-04-30 10:41:50','2019-04-25 07:16:11'),(91,91,91,'Eos voluptatem minima amet voluptatum. Qui nobis harum quis nam ab expedita occaecati.','dolore',55267132,NULL,'1978-12-05 01:07:47','2007-09-25 08:30:23'),(92,92,92,'Fugit ut nihil eos qui qui et. Sint est quo recusandae. Hic autem fuga vel libero est. Incidunt recusandae dicta repellat quis ratione. Ut fugiat molestiae esse quos.','ut',5,NULL,'1981-11-05 22:46:35','1982-03-09 03:33:01'),(93,93,93,'Tenetur doloremque dolor velit distinctio veniam ad. Odit suscipit aut tenetur sint deleniti. Sapiente dolore nam officiis nam nesciunt.','similique',30569,NULL,'1985-08-21 11:04:26','1991-04-03 03:30:18'),(94,94,94,'Aliquid sed voluptate optio vitae. Aut voluptate dolorem ipsum adipisci fugit aut. Ad est ratione asperiores ut modi repudiandae qui qui. Id labore repudiandae eum alias harum voluptatibus.','saepe',6164699,NULL,'2020-03-12 01:28:45','2015-10-10 22:57:41'),(95,95,95,'Veritatis quia repudiandae officiis qui est tempore. Et aut et veritatis asperiores corporis. Voluptas consequatur eius ut aut expedita quibusdam doloribus. Dolorem delectus ut est excepturi.','aut',34116,NULL,'1987-11-04 09:21:03','1970-01-06 00:51:31'),(96,96,96,'Quo id est ea voluptas consequuntur consectetur. Neque possimus quos quod consequatur blanditiis mollitia pariatur.','repellendus',0,NULL,'2004-09-04 03:32:07','1991-10-08 23:17:02'),(97,97,97,'Nihil nulla accusamus qui debitis quis earum deleniti. Assumenda laborum vel facere rerum dolor. Iusto ipsa vitae voluptas consequatur.','deleniti',7555288,NULL,'1993-08-25 07:07:39','2015-01-09 01:36:40'),(98,98,98,'Doloribus dolore id quo sint. Quasi eius iste voluptatum iusto. Eum unde quos debitis dolor. Et dolorem provident iusto similique deserunt et quod.','sed',982,NULL,'2003-10-25 19:32:07','1989-11-11 15:22:57'),(99,99,99,'Temporibus adipisci maxime eum alias deserunt cum dolorem. Enim ut dolorum hic est ad at. Quia eum nobis quasi corrupti et. Atque eveniet officiis repudiandae laborum veritatis dolorem error sunt.','maxime',0,NULL,'2008-03-09 19:22:27','1979-05-08 22:02:16'),(100,100,100,'Voluptate libero consequatur earum sequi. Aut nostrum ea eveniet at labore expedita inventore. Non est ratione eaque fugit numquam sequi consectetur. Et et voluptatem blanditiis magnam vel.','est',10797,NULL,'2005-10-08 13:46:34','1982-08-31 22:11:14');
/*!40000 ALTER TABLE `media` ENABLE KEYS */;
UNLOCK TABLES;

--
-- Table structure for table `media_types`
--

DROP TABLE IF EXISTS `media_types`;
/*!40101 SET @saved_cs_client     = @@character_set_client */;
/*!40101 SET character_set_client = utf8 */;
CREATE TABLE `media_types` (
  `id` bigint(20) unsigned NOT NULL AUTO_INCREMENT,
  `name` varchar(255) COLLATE utf8mb4_unicode_ci DEFAULT NULL,
  `created_at` datetime DEFAULT current_timestamp(),
  `updated_at` datetime DEFAULT current_timestamp() ON UPDATE current_timestamp(),
  PRIMARY KEY (`id`)
) ENGINE=InnoDB AUTO_INCREMENT=101 DEFAULT CHARSET=utf8mb4 COLLATE=utf8mb4_unicode_ci;
/*!40101 SET character_set_client = @saved_cs_client */;

--
-- Dumping data for table `media_types`
--

LOCK TABLES `media_types` WRITE;
/*!40000 ALTER TABLE `media_types` DISABLE KEYS */;
INSERT INTO `media_types` VALUES (1,'qui','1982-04-16 07:37:37','1971-12-15 03:19:08'),(2,'natus','1973-04-17 04:53:50','1983-02-03 05:56:59'),(3,'ex','2005-10-28 04:00:39','2021-04-22 18:07:12'),(4,'est','1980-07-09 04:49:13','2001-07-15 12:34:00'),(5,'voluptas','2005-12-26 02:11:57','2008-06-23 09:37:43'),(6,'voluptate','2015-12-05 16:23:43','2010-01-27 06:35:17'),(7,'nam','2014-11-03 16:05:48','2003-12-08 08:45:55'),(8,'et','1974-05-11 11:15:17','2021-02-28 19:48:25'),(9,'eveniet','1986-10-27 06:57:25','1980-04-01 01:50:53'),(10,'esse','1974-12-04 20:56:56','2014-02-10 06:27:02'),(11,'doloribus','2000-10-14 15:41:32','1990-07-01 14:50:52'),(12,'fuga','1990-04-04 03:49:08','1988-10-14 07:05:21'),(13,'provident','2014-01-05 20:47:51','2012-04-05 01:03:14'),(14,'facere','2009-02-09 12:05:00','1975-04-24 23:00:05'),(15,'ullam','1974-07-28 16:35:23','1997-10-11 12:20:52'),(16,'maxime','1991-01-24 07:55:32','1977-01-01 02:36:38'),(17,'reiciendis','1973-08-07 11:51:56','1994-08-14 02:44:22'),(18,'autem','2018-05-07 16:32:40','2002-12-17 04:43:05'),(19,'quia','1998-09-24 18:44:24','1979-03-01 10:16:55'),(20,'omnis','2003-05-06 04:05:47','2006-06-06 03:44:57'),(21,'debitis','1977-04-29 20:10:04','1977-04-11 19:37:11'),(22,'possimus','1975-12-29 21:11:29','1995-08-15 14:44:33'),(23,'in','2009-01-13 07:32:54','1994-12-19 17:01:23'),(24,'molestiae','1989-07-14 09:55:07','2004-10-28 17:25:13'),(25,'est','2003-03-23 01:34:39','2020-12-06 19:57:49'),(26,'et','1971-08-04 06:29:05','1973-07-01 08:24:22'),(27,'aspernatur','2006-11-03 21:04:12','2012-10-03 15:50:42'),(28,'itaque','2009-05-26 10:48:47','1998-11-20 04:44:54'),(29,'quia','2015-06-27 08:54:19','2000-08-24 09:40:37'),(30,'qui','1989-12-22 07:31:36','2016-09-13 03:38:44'),(31,'totam','1979-02-02 19:17:20','2009-03-11 16:57:38'),(32,'commodi','2012-02-02 07:54:39','1970-11-22 12:08:09'),(33,'ullam','1993-04-24 09:29:50','2005-11-01 09:20:05'),(34,'nihil','1976-03-24 19:03:18','2013-11-26 14:49:33'),(35,'quasi','1993-07-10 04:34:11','2011-11-10 14:03:17'),(36,'dolor','2020-09-15 14:57:20','2011-05-06 17:18:23'),(37,'animi','1995-08-12 16:18:36','1994-01-08 08:11:03'),(38,'ipsa','2016-03-27 06:19:47','2015-02-16 11:18:56'),(39,'assumenda','1988-12-20 12:05:36','2005-06-19 02:28:17'),(40,'consectetur','2015-06-03 14:51:13','2019-04-09 03:32:50'),(41,'aspernatur','2004-01-02 14:25:23','2003-03-09 16:42:32'),(42,'libero','2006-04-01 02:35:48','1972-10-27 06:51:48'),(43,'nobis','2020-07-15 19:29:08','1996-01-12 01:11:35'),(44,'quidem','1983-05-30 02:40:45','2013-06-17 14:34:12'),(45,'sint','1991-08-10 01:05:57','2020-06-24 15:32:28'),(46,'sed','1993-01-04 03:33:50','2012-01-31 18:39:15'),(47,'rerum','1994-05-09 11:37:51','2021-01-04 15:26:09'),(48,'voluptas','2020-01-02 14:53:21','1985-03-27 02:26:52'),(49,'velit','1971-03-31 22:09:05','1985-10-09 08:09:43'),(50,'nobis','1982-07-09 05:20:37','2004-09-23 20:09:38'),(51,'quaerat','2005-07-27 15:02:20','1978-12-12 14:01:49'),(52,'rerum','2001-05-11 01:13:16','1988-07-02 22:04:18'),(53,'itaque','2001-08-15 16:05:11','1979-09-08 04:23:01'),(54,'et','2009-05-14 21:33:01','1970-09-02 18:43:48'),(55,'qui','1976-02-15 13:37:22','1999-11-08 17:17:00'),(56,'sit','2015-01-20 08:58:20','1974-09-03 20:25:37'),(57,'aut','1979-07-10 19:16:47','2018-12-23 13:59:40'),(58,'sunt','1976-01-07 21:58:56','2012-01-23 12:51:45'),(59,'qui','1999-08-04 12:57:46','2014-07-29 11:32:20'),(60,'aut','2009-08-10 20:47:49','2015-09-25 23:54:40'),(61,'et','1988-07-12 14:25:13','1971-05-12 16:29:02'),(62,'temporibus','1994-07-11 11:02:07','1971-02-09 19:05:22'),(63,'aspernatur','2005-04-10 14:56:53','2011-09-26 11:14:56'),(64,'est','2004-07-29 23:45:03','1975-10-18 12:11:36'),(65,'quia','1996-05-28 18:56:11','1985-02-11 09:44:52'),(66,'minima','2001-03-12 08:49:43','2015-11-30 15:48:43'),(67,'dolores','1992-04-24 10:41:43','2002-06-14 06:30:51'),(68,'quis','2001-09-22 12:18:24','1993-11-12 00:26:03'),(69,'qui','2009-07-21 02:15:20','2013-08-19 11:24:23'),(70,'ipsam','1977-07-09 18:19:30','1976-05-29 05:09:39'),(71,'nulla','2014-04-07 04:12:42','1978-02-12 08:51:08'),(72,'et','1988-01-27 08:17:12','2016-07-06 13:41:47'),(73,'ut','1996-04-09 13:51:51','2002-01-31 22:45:25'),(74,'tempore','1984-10-27 11:16:25','2000-03-21 01:31:27'),(75,'consequuntur','2008-04-28 22:27:34','1978-06-21 11:16:09'),(76,'tempore','1985-07-22 06:53:22','2010-08-11 17:23:39'),(77,'aut','2017-11-20 05:52:54','1973-10-08 14:46:17'),(78,'soluta','1987-07-23 18:49:36','2000-12-22 07:06:52'),(79,'vitae','1995-04-22 22:13:19','1973-09-19 02:48:48'),(80,'sequi','1985-04-01 01:47:05','2013-11-11 23:16:04'),(81,'aliquam','1995-07-31 17:28:45','1996-02-16 16:32:09'),(82,'alias','2003-09-08 12:32:53','2016-09-05 06:24:33'),(83,'vel','2014-11-21 23:29:28','1970-09-27 16:51:16'),(84,'quos','1987-06-23 22:41:10','1994-05-07 17:30:01'),(85,'exercitationem','2000-01-16 12:46:16','1982-05-06 16:54:03'),(86,'id','1978-11-12 10:16:59','2006-01-23 06:18:02'),(87,'ad','2021-04-18 09:43:53','1978-05-01 20:35:49'),(88,'exercitationem','2008-03-02 06:02:52','2006-11-30 23:40:28'),(89,'voluptas','1975-05-15 22:30:36','1976-10-29 16:26:00'),(90,'hic','1980-11-13 06:27:34','2008-10-05 21:55:45'),(91,'sint','1994-07-08 04:35:52','1981-06-23 00:14:43'),(92,'sed','1978-08-17 00:41:30','2011-09-16 22:30:39'),(93,'dolor','1995-03-28 23:13:32','2020-12-26 23:52:20'),(94,'fugit','1993-11-21 22:20:04','1970-05-17 21:27:27'),(95,'fugiat','1976-11-15 21:56:02','2019-10-27 19:48:04'),(96,'minima','2020-08-25 17:48:00','1985-05-09 13:12:37'),(97,'voluptatem','1995-01-02 20:28:05','1970-03-22 11:02:55'),(98,'fugiat','1983-04-30 06:13:24','2018-01-05 17:22:19'),(99,'nobis','1971-04-11 16:44:18','2018-10-17 04:07:19'),(100,'inventore','1992-03-06 00:40:24','1984-12-06 12:49:05');
/*!40000 ALTER TABLE `media_types` ENABLE KEYS */;
UNLOCK TABLES;

--
-- Table structure for table `messages`
--

DROP TABLE IF EXISTS `messages`;
/*!40101 SET @saved_cs_client     = @@character_set_client */;
/*!40101 SET character_set_client = utf8 */;
CREATE TABLE `messages` (
  `id` bigint(20) unsigned NOT NULL AUTO_INCREMENT,
  `from_user_id` bigint(20) unsigned NOT NULL,
  `to_user_id` bigint(20) unsigned NOT NULL,
  `body` text COLLATE utf8mb4_unicode_ci DEFAULT NULL,
  `created_at` datetime DEFAULT current_timestamp(),
  PRIMARY KEY (`id`),
  KEY `from_user_id` (`from_user_id`),
  KEY `to_user_id` (`to_user_id`),
  CONSTRAINT `messages_ibfk_1` FOREIGN KEY (`from_user_id`) REFERENCES `users` (`id`) ON DELETE CASCADE ON UPDATE CASCADE,
  CONSTRAINT `messages_ibfk_2` FOREIGN KEY (`to_user_id`) REFERENCES `users` (`id`) ON DELETE CASCADE ON UPDATE CASCADE
) ENGINE=InnoDB AUTO_INCREMENT=101 DEFAULT CHARSET=utf8mb4 COLLATE=utf8mb4_unicode_ci;
/*!40101 SET character_set_client = @saved_cs_client */;

--
-- Dumping data for table `messages`
--

LOCK TABLES `messages` WRITE;
/*!40000 ALTER TABLE `messages` DISABLE KEYS */;
INSERT INTO `messages` VALUES (1,1,1,'Unde sequi autem nihil natus rem sed dolore. Architecto et aut officiis animi laborum placeat id. Voluptatem totam quia quia omnis in asperiores nostrum. Reiciendis eum necessitatibus earum dolore qui blanditiis sequi sit.','2010-03-07 17:12:42'),(2,2,2,'Nisi aut aut nemo ducimus aliquam omnis. Rem sed qui architecto doloremque quod. Officia dignissimos sunt molestiae ut quis. Nostrum earum hic in id et animi.','1997-07-31 16:57:23'),(3,3,3,'Ducimus eveniet consectetur sed ad incidunt et expedita delectus. Rem repellat vitae aut porro. Aut magnam totam doloremque. Laborum enim tempora sed enim.','1981-08-19 04:04:31'),(4,4,4,'Provident quasi perferendis doloremque. Exercitationem quia officiis quidem et omnis voluptatem tenetur. Molestiae quae cum et.','1988-03-05 15:50:31'),(5,5,5,'Aliquid temporibus et nisi omnis. Molestias ut voluptatibus ut rerum ab fugit consectetur. Velit incidunt et aut voluptates earum amet ut. Amet quia esse natus omnis.','1979-07-26 16:57:38'),(6,6,6,'Quo explicabo iste dicta doloribus qui commodi. Doloribus autem cupiditate et voluptatem aut molestias repudiandae.','2013-03-25 12:48:54'),(7,7,7,'Fuga in et expedita doloremque est. Vero facilis et et enim. Eum eum non doloremque est.','1987-12-12 12:17:39'),(8,8,8,'Ipsa et et in. Laboriosam quis voluptatem cupiditate aliquam. Explicabo repellat fugit sed odit.','1984-06-18 13:15:22'),(9,9,9,'Voluptatem dolorem aperiam fugit similique dolorem. Ea sunt odit quae consequatur hic. Velit non rerum molestiae. Sint harum officia at beatae.','2006-12-26 03:07:43'),(10,10,10,'Qui occaecati tempora possimus cum necessitatibus temporibus. Quod magnam deleniti quis sit. Rerum et ut et et aperiam fuga. Voluptate modi ut necessitatibus nulla quis delectus aperiam.','1979-02-24 13:53:58'),(11,11,11,'Magnam earum excepturi et ipsa quia. Explicabo id non explicabo aut id voluptate. Ea qui velit quae ducimus quae recusandae consequatur.','1977-03-13 23:12:35'),(12,12,12,'Accusantium fuga facilis quia quasi et placeat. Iusto tempora quia sunt qui odio rerum ipsam doloremque. Tempore omnis enim sed.','2009-01-27 13:35:43'),(13,13,13,'Et vitae rerum id qui saepe. Voluptas quo quae dignissimos accusantium commodi. Aperiam fugit modi perferendis sint et ut.','1994-11-04 10:16:52'),(14,14,14,'Mollitia provident dolorem dicta rerum ipsam ad fuga. Magnam ut ut aut velit atque quia. Odio temporibus quo sequi fuga voluptatibus dolorem qui vero.','2001-08-08 09:38:03'),(15,15,15,'Et tenetur eligendi distinctio dicta esse hic ut velit. Cum quo et exercitationem cumque. Ad aliquid iure est ab ea dolores sapiente ut.','2021-09-23 08:11:11'),(16,16,16,'Quidem maxime earum provident ut. Consequatur praesentium quaerat nostrum ipsam delectus et. Sint et sequi ipsum voluptatem. Cum incidunt non alias possimus totam.','1984-09-04 19:52:38'),(17,17,17,'Tempore similique sequi consequatur labore qui est et. Est sit quas sit et eum dignissimos. Est nisi sunt aperiam deserunt eligendi maxime provident.','2007-04-13 04:17:44'),(18,18,18,'Velit dolor quas minus quos eveniet voluptas. Adipisci consequuntur hic et. Sit quidem adipisci sequi voluptate ipsam non eaque.','2004-06-22 01:55:43'),(19,19,19,'Modi nisi voluptatem voluptas accusamus occaecati laboriosam. Asperiores dignissimos incidunt dignissimos. Velit ullam et quia explicabo provident dolore quia.','1971-10-15 10:06:26'),(20,20,20,'Officia et minus quia inventore ducimus. Voluptatem facilis doloremque dolore quas. Asperiores animi alias ipsa adipisci rem.','1990-02-26 19:14:35'),(21,21,21,'Et accusantium aut quas similique recusandae dolores voluptatem. Dignissimos consequuntur atque perspiciatis dolores et accusamus.','1978-02-14 19:25:11'),(22,22,22,'Occaecati voluptate repellendus iure aperiam possimus atque. Sed in officia ut vero. Quod eum aut adipisci ex consequatur vero.','2017-05-29 21:07:09'),(23,23,23,'Dolores dolor est ea velit. Sit laborum natus aut eveniet porro autem ipsa. Vel eligendi modi ducimus sit. Exercitationem velit molestias sint perspiciatis excepturi.','2018-04-26 08:28:56'),(24,24,24,'Praesentium inventore iure dicta enim est voluptatem. Sint mollitia asperiores et. Nisi consequatur tempora delectus itaque. Delectus fugit velit commodi molestias est iste molestiae quas.','1977-08-12 04:50:33'),(25,25,25,'Ipsam rerum quia et molestiae reprehenderit. Dolorum porro et velit. Qui in vel qui veniam. Dolorum qui molestiae id hic tempora. In sunt magnam aut sit dolor quibusdam.','1981-07-30 19:03:24'),(26,26,26,'Et illum perspiciatis et quaerat cumque. Sunt laboriosam voluptates eligendi id nihil aut sint quis. Aut ipsam qui dicta repudiandae eveniet in deleniti. Enim facilis sit dolores. Dicta dolorem at debitis architecto voluptatem.','1990-02-20 06:12:48'),(27,27,27,'Voluptas optio id delectus autem rem quis. Enim autem numquam nemo ut consequuntur porro. Eius iste ratione tenetur omnis aut aut minima. Magni quasi sit in sed omnis.','2007-11-03 02:59:27'),(28,28,28,'Delectus enim beatae voluptas voluptates saepe fugit. Pariatur voluptatem enim omnis et accusamus cumque. Est tenetur qui eos accusamus delectus ipsum assumenda. Exercitationem in aut fugit ad et dicta et excepturi. Voluptatum fugiat similique nihil quia consectetur voluptatibus.','2006-09-17 14:45:27'),(29,29,29,'Dolor exercitationem natus voluptatem. Consequatur eum delectus animi facilis. Omnis a odit aut et voluptatem iure. Qui iste id accusamus.','1996-03-09 19:21:24'),(30,30,30,'Voluptates enim ea quis. Qui saepe eum nulla molestias ullam expedita tempore. Sit laudantium assumenda corporis aliquam.','1987-03-23 01:56:33'),(31,31,31,'Nesciunt provident totam hic deleniti nobis autem. Dignissimos iste illo laboriosam dolor molestiae ut rerum. Ut itaque ab tempore odio repudiandae sunt.','1970-04-26 06:10:24'),(32,32,32,'Neque iure id inventore veniam sunt. Exercitationem consequuntur dolore pariatur inventore. Odit voluptas necessitatibus quia rem ipsa et cum aut.','2002-08-04 23:12:30'),(33,33,33,'Ullam minima quod aut. Cum sunt illo perferendis reprehenderit tempore praesentium. Hic perspiciatis veritatis aut animi odio qui quasi. Aliquam ex tempora est veritatis non.','2006-05-31 01:49:55'),(34,34,34,'Deserunt nihil distinctio eius sapiente qui sint possimus. Laborum voluptatem iure tempore non earum. Hic eveniet optio dolorem debitis. Quos consequatur rerum est facere aut eveniet sunt.','2017-05-27 00:07:39'),(35,35,35,'Aperiam est iure repellendus ducimus ut. Accusantium omnis nemo culpa doloribus. Numquam voluptatem autem sint cupiditate accusamus aut qui.','1974-05-17 03:21:02'),(36,36,36,'Ullam odit placeat voluptas laborum. Provident sed error ex iusto quod. Modi quaerat odit dolorum id. Aspernatur accusamus necessitatibus fuga adipisci voluptatibus harum consequatur.','1987-07-26 17:45:15'),(37,37,37,'Corporis nam consequuntur qui qui voluptas. Aut quos magnam dolor ipsum qui. Ipsam culpa reprehenderit enim voluptatem voluptatem fugiat tenetur sequi. Autem alias voluptatem eos blanditiis quam.','2016-07-05 22:55:07'),(38,38,38,'Ea autem et dolorum voluptas consequatur. Qui dolores ut in incidunt ratione a voluptatem tenetur. Et voluptas aperiam iusto laborum consequuntur architecto et molestiae.','1998-11-30 16:31:24'),(39,39,39,'Nihil sint aut exercitationem sunt. Quos laborum est a. Distinctio cupiditate animi et omnis veniam. Quos placeat ducimus aut quasi. Dolorem quia fuga error porro et.','2003-06-09 14:52:01'),(40,40,40,'Et veniam temporibus hic at commodi rem et. Consequuntur cum possimus vel accusantium. Minima ab nesciunt aut repudiandae suscipit. Cupiditate velit aliquid dignissimos omnis et.','1997-12-04 08:48:42'),(41,41,41,'Voluptas mollitia voluptate rerum esse. Ipsa blanditiis sit culpa non. Accusantium qui possimus sunt itaque quisquam quis ut.','1984-12-13 05:16:18'),(42,42,42,'Animi et eaque et culpa in maiores. Earum assumenda corrupti totam dicta consectetur quibusdam. Placeat ex aperiam est enim temporibus sed a consequuntur.','1984-01-19 07:36:20'),(43,43,43,'At consequuntur accusantium sit enim qui nihil. Nihil qui ut dolorem et doloremque velit et sunt. Et illo incidunt non sint.','1989-07-12 17:58:30'),(44,44,44,'Dolor rerum corporis eaque molestias. Dolor officia inventore maxime beatae.','2020-11-22 17:43:57'),(45,45,45,'Suscipit sit ipsum quaerat sequi. Voluptas culpa magni adipisci non error nulla. Aspernatur voluptatum quam enim. Quae quasi laudantium beatae.','1986-02-15 11:41:17'),(46,46,46,'Maiores cupiditate officia officiis minima qui reprehenderit. Vitae at vel nihil consectetur blanditiis voluptatem. Itaque repellat eaque vero accusamus sit. Odit provident quas modi dolor quibusdam.','1994-04-12 10:17:44'),(47,47,47,'Voluptatem reprehenderit sit adipisci exercitationem fugit et. Quaerat sed maiores voluptatem ex sed. Vel esse consequatur nihil quas porro earum aliquam aut. Quia accusamus soluta provident pariatur odio.','1977-07-14 16:01:26'),(48,48,48,'Recusandae alias est aut ullam voluptates. Minus magni perferendis aut fuga deserunt. Nostrum consectetur inventore vel maxime nihil dolorum.','2006-05-16 13:24:52'),(49,49,49,'Est maiores aut voluptate accusantium atque ipsa error. Rerum mollitia quas omnis est. Consequatur tenetur voluptates quidem consequatur ea sint.','1984-07-28 11:53:07'),(50,50,50,'Est optio est unde repudiandae. Voluptas eligendi dolor suscipit ipsam totam consequatur rerum. Voluptatem et et voluptatem aut nihil voluptas eum quia.','2014-08-30 13:38:55'),(51,51,51,'Sunt et maiores expedita odio provident rerum. Qui numquam praesentium nesciunt. Corrupti ab eum quae aliquid. Possimus animi nisi nihil adipisci aperiam sint ratione deserunt.','2020-03-13 18:15:58'),(52,52,52,'Sed et autem sint minus maiores velit. Omnis enim blanditiis error qui incidunt voluptatum repudiandae tempora. Et nihil placeat adipisci.','1983-03-29 21:07:34'),(53,53,53,'Quis animi voluptas et vero. Neque veniam ab qui perferendis. Esse vitae et tempora dolores. Iste aspernatur voluptatibus non.','2002-05-13 19:32:13'),(54,54,54,'Ducimus ut fugit quisquam quis. Aut laboriosam omnis praesentium pariatur voluptate est. Modi delectus eos sunt sed.','1987-05-09 18:02:19'),(55,55,55,'Ab laboriosam similique consectetur molestias. Dicta voluptatem ut nam neque consectetur.','1974-02-18 15:41:03'),(56,56,56,'Et et aut vel officiis consequatur. Dolorem cum ut necessitatibus libero ad repellendus nulla. Voluptatum et rem sunt ipsa rerum.','1977-12-08 17:38:02'),(57,57,57,'Excepturi possimus inventore voluptas repudiandae placeat natus aliquam. Reprehenderit quo itaque a odit officia iste est. In qui dicta sed necessitatibus.','2012-10-09 22:07:58'),(58,58,58,'Ut consequuntur ratione rerum deleniti distinctio ratione natus. Deleniti possimus aut ut velit nesciunt. Earum voluptatem ipsa voluptatem magni aut inventore sunt ad. Occaecati voluptatem ut dolores corporis consequatur laboriosam delectus aliquid.','1972-09-28 21:33:14'),(59,59,59,'Aut eos perferendis nihil debitis veniam eos accusantium. Accusantium atque aliquid id accusamus consequatur. Nemo mollitia vero ut rem consequuntur.','1975-05-18 13:19:30'),(60,60,60,'Fugit sunt delectus perspiciatis molestiae quia quae. Nisi perferendis qui officiis consequuntur quos impedit et. Quod praesentium consectetur et excepturi officiis eveniet. Doloribus mollitia modi ut et rerum culpa praesentium.','1981-07-21 09:24:32'),(61,61,61,'Quaerat eos atque suscipit qui odio porro iste. Est laboriosam odio dignissimos velit optio assumenda cumque.','2018-04-07 07:43:50'),(62,62,62,'Aut odit ut qui omnis et voluptatem. Exercitationem voluptas dignissimos qui et. Molestias vel ut eveniet omnis sint. Deleniti pariatur asperiores suscipit.','2001-11-27 22:07:36'),(63,63,63,'Eveniet et mollitia veritatis ipsum neque ut. In quia enim aliquid illo. Ut quibusdam sit temporibus voluptatum nobis qui. Ut illo commodi autem aliquam.','1993-10-30 19:10:34'),(64,64,64,'Eum magnam quia ut id atque qui. Excepturi adipisci odio esse facere eos corporis facere. Ut facere similique laborum dignissimos dolorem minima ipsum velit. Omnis beatae est qui est labore sint.','2013-01-20 06:35:53'),(65,65,65,'Quia reprehenderit adipisci et aperiam blanditiis accusantium voluptate. Aliquam maiores eos rerum molestiae voluptatem ut. Ad voluptas ea itaque consequatur recusandae. Sapiente est necessitatibus saepe sed perspiciatis quod ea ut.','1982-11-01 15:53:40'),(66,66,66,'Qui odio et quis fugiat impedit est rerum est. Maxime possimus harum necessitatibus occaecati quos. Aliquid numquam delectus sapiente ipsa et quia quo doloribus. Reiciendis deleniti sit beatae ut quibusdam.','1990-11-21 05:01:29'),(67,67,67,'Laborum non nesciunt aut ipsam. Ut illum facilis velit ea deleniti ea mollitia. Reprehenderit et recusandae voluptatem accusamus labore itaque. Sapiente quia id illo debitis consectetur incidunt aut.','2018-06-27 11:39:43'),(68,68,68,'Voluptatem recusandae qui facilis. Aut quasi eveniet reprehenderit.','1998-03-12 16:08:13'),(69,69,69,'Eum eligendi eveniet similique natus accusamus magni quia officia. Neque sit eum porro odit autem. Quidem nihil magni fugit exercitationem a maxime id. Aut doloremque ut vel impedit.','2000-08-07 13:50:28'),(70,70,70,'Voluptatem autem id quidem corrupti in odit. Rerum est aut animi perferendis quia rerum.','1971-01-24 16:07:38'),(71,71,71,'Facere ut eos libero fuga iusto autem. Amet tempora sint sit aliquam maiores eos neque. Minima nemo et nisi nihil id.','2000-04-30 14:15:40'),(72,72,72,'Accusamus ratione ducimus autem et corporis molestiae ex unde. Sed tenetur et magni sed tenetur laboriosam. Doloremque unde et dolores quia recusandae ad.','2009-05-01 00:15:07'),(73,73,73,'Repellat placeat expedita quam placeat. Hic velit ullam animi aspernatur et est. Fugit suscipit itaque est nam. Maxime enim vitae rem at labore.','1977-08-17 02:40:00'),(74,74,74,'Porro quam nobis ipsa asperiores. Rerum veritatis est sed iusto. Velit ut rerum at et. Voluptatem at ab sapiente.','2018-03-25 06:18:52'),(75,75,75,'Autem aperiam consectetur atque ipsum. Nemo odit facere ut sequi tempore iure. Nobis qui aperiam minus voluptas quasi. Voluptatem voluptas sed rerum ea accusantium. Consequatur enim recusandae culpa.','2007-04-18 01:54:27'),(76,76,76,'Sapiente excepturi sapiente odit voluptatum. Quas hic quo delectus ad. Tempora sint nostrum sunt ab iste sequi unde cum.','1989-11-24 12:27:03'),(77,77,77,'Neque quas aut quae repudiandae sed. Ut dolorum ipsum qui in aut unde. Cumque fugiat veritatis numquam saepe.','1988-11-16 02:15:09'),(78,78,78,'Quam porro maiores facilis eius aliquam. Aut ipsa dolor itaque voluptatibus doloremque dolorem autem. Molestiae et at dolorem autem. Officia quibusdam dolores consequatur atque qui voluptates.','1999-03-24 15:33:22'),(79,79,79,'Et ut sed ad sunt. Labore vero eos eaque consequatur qui facere. Nemo voluptates consequatur quia voluptatem maiores ut possimus. Laudantium reprehenderit itaque fuga.','2017-02-04 20:39:41'),(80,80,80,'Delectus delectus rerum reprehenderit fuga sint voluptatum. Nam fuga exercitationem deleniti aut et voluptatem. Voluptatem ipsam harum beatae quas natus. Reprehenderit rerum et quo.','2018-02-26 11:16:34'),(81,81,81,'Magnam quia quasi dolorum eius aperiam sed. Deserunt qui aspernatur voluptas iste aliquam voluptatem assumenda. Magnam sapiente nemo nihil et.','1994-08-30 14:28:56'),(82,82,82,'Vitae quasi temporibus ullam eos necessitatibus reiciendis repellendus ullam. Mollitia aut veniam iste eos numquam recusandae explicabo. Hic reprehenderit voluptas aspernatur et.','1999-02-13 21:44:14'),(83,83,83,'Soluta distinctio et et et molestiae sed. Eum fuga laboriosam velit. Modi quasi vel veniam est laudantium et labore.','1986-06-29 00:49:07'),(84,84,84,'Aperiam accusamus modi illo quos. Blanditiis sint nostrum laboriosam in est. Adipisci illum voluptatem sint quia voluptates.','2017-07-13 23:58:19'),(85,85,85,'Rerum quod quia rem sed aut quae est eum. Aut aut dolore necessitatibus non molestiae ut.','1985-04-23 16:55:04'),(86,86,86,'Omnis iste eveniet quia aliquam. Et dolores nihil sed eos. Non mollitia architecto et facere. Dolor voluptatem qui libero nisi eos fugiat.','1980-04-03 08:37:27'),(87,87,87,'Quia quia ut fuga distinctio quia nemo. Voluptas nesciunt dolores laboriosam aut quaerat quis. Quisquam quia quaerat est quia enim occaecati qui. Ad ipsa pariatur illum nobis.','2002-02-14 04:54:07'),(88,88,88,'Provident vel officia voluptates architecto incidunt. Saepe aut dolore molestiae a nobis sed vitae repellendus. Vero minus doloribus ut.','1995-01-31 15:10:33'),(89,89,89,'Suscipit inventore eum cumque est non nostrum. Corporis voluptatem facere et deserunt at rerum.','1984-11-14 13:15:17'),(90,90,90,'Qui quia nam provident nemo repellendus aliquam eius. Expedita aut ut omnis animi et deserunt quia praesentium. Quia qui placeat est et facilis iure impedit.','1993-08-30 14:44:39'),(91,91,91,'A corporis tenetur sed est ut reprehenderit qui nihil. Quae dolorem voluptates dolorum iste provident sint aliquid. Et est voluptatem eos sit eum aut fuga.','2018-05-19 18:50:12'),(92,92,92,'Nesciunt id quasi ullam sit voluptatem. Adipisci quisquam facere cumque voluptas. Numquam quo vel autem rerum.','2019-04-08 07:10:44'),(93,93,93,'Accusantium omnis ex consequuntur quia eligendi optio sit. Eius veniam ad incidunt ut et consequatur eos. Ut ad quisquam officiis eum fugiat.','2014-05-11 20:05:26'),(94,94,94,'Accusamus et nesciunt ab et quo. Et rerum et delectus nemo.','1976-08-03 18:07:58'),(95,95,95,'Rem dolores enim excepturi et tempora voluptatem deserunt. Est necessitatibus omnis ratione. Accusantium commodi dolore dolorem in fugiat.','1993-06-03 06:04:35'),(96,96,96,'Rerum atque quidem quibusdam dolorum. Suscipit sit at et molestiae dolorem. Qui occaecati voluptatem dolorem omnis consectetur.','2005-05-09 01:18:00'),(97,97,97,'Dolore aut ullam omnis sed exercitationem aut vitae. Enim velit vel dolore nostrum.','1970-04-28 08:39:06'),(98,98,98,'Minima omnis minima qui beatae eos corrupti amet corrupti. Accusantium vel ipsum eius et corporis velit reiciendis aliquid. Qui beatae dolorem minus pariatur dignissimos dolores. Architecto fugit voluptatum tempora incidunt dicta repellat voluptatem quia.','1996-10-22 23:30:15'),(99,99,99,'Voluptatem fugiat ut et ipsum nobis aliquid. Eum tempore ipsam corporis quis eveniet neque. Necessitatibus ullam neque inventore eveniet illum.','2006-05-19 12:25:45'),(100,100,100,'Quos pariatur dolores iste nihil accusantium. Neque est vel quibusdam eos sapiente et inventore. Rerum maiores architecto occaecati molestias et est et iste. Et autem et rem totam.','2020-05-06 10:44:59');
/*!40000 ALTER TABLE `messages` ENABLE KEYS */;
UNLOCK TABLES;

--
-- Table structure for table `photo_albums`
--

DROP TABLE IF EXISTS `photo_albums`;
/*!40101 SET @saved_cs_client     = @@character_set_client */;
/*!40101 SET character_set_client = utf8 */;
CREATE TABLE `photo_albums` (
  `id` bigint(20) unsigned NOT NULL AUTO_INCREMENT,
  `name` varchar(255) COLLATE utf8mb4_unicode_ci DEFAULT NULL,
  `user_id` bigint(20) unsigned DEFAULT NULL,
  PRIMARY KEY (`id`),
  UNIQUE KEY `id` (`id`),
  KEY `user_id` (`user_id`),
  CONSTRAINT `photo_albums_ibfk_1` FOREIGN KEY (`user_id`) REFERENCES `users` (`id`) ON DELETE SET NULL ON UPDATE CASCADE
) ENGINE=InnoDB AUTO_INCREMENT=101 DEFAULT CHARSET=utf8mb4 COLLATE=utf8mb4_unicode_ci;
/*!40101 SET character_set_client = @saved_cs_client */;

--
-- Dumping data for table `photo_albums`
--

LOCK TABLES `photo_albums` WRITE;
/*!40000 ALTER TABLE `photo_albums` DISABLE KEYS */;
INSERT INTO `photo_albums` VALUES (1,'quis',1),(2,'maiores',2),(3,'quia',3),(4,'et',4),(5,'quia',5),(6,'accusantium',6),(7,'qui',7),(8,'maiores',8),(9,'repellat',9),(10,'quae',10),(11,'consequatur',11),(12,'id',12),(13,'facere',13),(14,'quia',14),(15,'ut',15),(16,'officiis',16),(17,'corporis',17),(18,'aut',18),(19,'animi',19),(20,'nisi',20),(21,'veniam',21),(22,'voluptatem',22),(23,'adipisci',23),(24,'ut',24),(25,'et',25),(26,'est',26),(27,'eaque',27),(28,'distinctio',28),(29,'sunt',29),(30,'itaque',30),(31,'omnis',31),(32,'et',32),(33,'in',33),(34,'non',34),(35,'corrupti',35),(36,'ut',36),(37,'quia',37),(38,'magnam',38),(39,'totam',39),(40,'amet',40),(41,'dolores',41),(42,'dolores',42),(43,'id',43),(44,'et',44),(45,'porro',45),(46,'distinctio',46),(47,'cupiditate',47),(48,'soluta',48),(49,'et',49),(50,'doloremque',50),(51,'adipisci',51),(52,'ad',52),(53,'qui',53),(54,'atque',54),(55,'nisi',55),(56,'minima',56),(57,'vero',57),(58,'aspernatur',58),(59,'magnam',59),(60,'ducimus',60),(61,'qui',61),(62,'molestiae',62),(63,'asperiores',63),(64,'excepturi',64),(65,'nulla',65),(66,'et',66),(67,'voluptates',67),(68,'pariatur',68),(69,'maxime',69),(70,'facere',70),(71,'nostrum',71),(72,'corrupti',72),(73,'sapiente',73),(74,'enim',74),(75,'id',75),(76,'et',76),(77,'sapiente',77),(78,'expedita',78),(79,'hic',79),(80,'numquam',80),(81,'nisi',81),(82,'nihil',82),(83,'mollitia',83),(84,'quia',84),(85,'ea',85),(86,'unde',86),(87,'omnis',87),(88,'laboriosam',88),(89,'ullam',89),(90,'ut',90),(91,'et',91),(92,'omnis',92),(93,'expedita',93),(94,'magni',94),(95,'deserunt',95),(96,'nemo',96),(97,'qui',97),(98,'aut',98),(99,'eligendi',99),(100,'qui',100);
/*!40000 ALTER TABLE `photo_albums` ENABLE KEYS */;
UNLOCK TABLES;

--
-- Table structure for table `photos`
--

DROP TABLE IF EXISTS `photos`;
/*!40101 SET @saved_cs_client     = @@character_set_client */;
/*!40101 SET character_set_client = utf8 */;
CREATE TABLE `photos` (
  `id` bigint(20) unsigned NOT NULL AUTO_INCREMENT,
  `album_id` bigint(20) unsigned NOT NULL,
  `media_id` bigint(20) unsigned NOT NULL,
  PRIMARY KEY (`id`),
  KEY `album_id` (`album_id`),
  KEY `media_id` (`media_id`),
  CONSTRAINT `photos_ibfk_1` FOREIGN KEY (`album_id`) REFERENCES `photo_albums` (`id`) ON DELETE CASCADE ON UPDATE CASCADE,
  CONSTRAINT `photos_ibfk_2` FOREIGN KEY (`media_id`) REFERENCES `media` (`id`) ON DELETE CASCADE ON UPDATE CASCADE
) ENGINE=InnoDB AUTO_INCREMENT=101 DEFAULT CHARSET=utf8mb4 COLLATE=utf8mb4_unicode_ci;
/*!40101 SET character_set_client = @saved_cs_client */;

--
-- Dumping data for table `photos`
--

LOCK TABLES `photos` WRITE;
/*!40000 ALTER TABLE `photos` DISABLE KEYS */;
INSERT INTO `photos` VALUES (1,1,1),(2,2,2),(3,3,3),(4,4,4),(5,5,5),(6,6,6),(7,7,7),(8,8,8),(9,9,9),(10,10,10),(11,11,11),(12,12,12),(13,13,13),(14,14,14),(15,15,15),(16,16,16),(17,17,17),(18,18,18),(19,19,19),(20,20,20),(21,21,21),(22,22,22),(23,23,23),(24,24,24),(25,25,25),(26,26,26),(27,27,27),(28,28,28),(29,29,29),(30,30,30),(31,31,31),(32,32,32),(33,33,33),(34,34,34),(35,35,35),(36,36,36),(37,37,37),(38,38,38),(39,39,39),(40,40,40),(41,41,41),(42,42,42),(43,43,43),(44,44,44),(45,45,45),(46,46,46),(47,47,47),(48,48,48),(49,49,49),(50,50,50),(51,51,51),(52,52,52),(53,53,53),(54,54,54),(55,55,55),(56,56,56),(57,57,57),(58,58,58),(59,59,59),(60,60,60),(61,61,61),(62,62,62),(63,63,63),(64,64,64),(65,65,65),(66,66,66),(67,67,67),(68,68,68),(69,69,69),(70,70,70),(71,71,71),(72,72,72),(73,73,73),(74,74,74),(75,75,75),(76,76,76),(77,77,77),(78,78,78),(79,79,79),(80,80,80),(81,81,81),(82,82,82),(83,83,83),(84,84,84),(85,85,85),(86,86,86),(87,87,87),(88,88,88),(89,89,89),(90,90,90),(91,91,91),(92,92,92),(93,93,93),(94,94,94),(95,95,95),(96,96,96),(97,97,97),(98,98,98),(99,99,99),(100,100,100);
/*!40000 ALTER TABLE `photos` ENABLE KEYS */;
UNLOCK TABLES;

--
-- Table structure for table `profiles`
--

DROP TABLE IF EXISTS `profiles`;
/*!40101 SET @saved_cs_client     = @@character_set_client */;
/*!40101 SET character_set_client = utf8 */;
CREATE TABLE `profiles` (
  `user_id` bigint(20) unsigned NOT NULL AUTO_INCREMENT,
  `gender` char(1) COLLATE utf8mb4_unicode_ci DEFAULT NULL,
  `birthday` date DEFAULT NULL,
  `photo_id` bigint(20) unsigned DEFAULT NULL,
  `created_at` datetime DEFAULT current_timestamp(),
  `hometown` varchar(100) COLLATE utf8mb4_unicode_ci DEFAULT NULL,
  PRIMARY KEY (`user_id`),
  KEY `fk_photo_id` (`photo_id`),
  CONSTRAINT `fk_photo_id` FOREIGN KEY (`photo_id`) REFERENCES `photos` (`id`) ON DELETE SET NULL ON UPDATE CASCADE,
  CONSTRAINT `fk_user_id` FOREIGN KEY (`user_id`) REFERENCES `users` (`id`) ON DELETE CASCADE ON UPDATE CASCADE
) ENGINE=InnoDB AUTO_INCREMENT=101 DEFAULT CHARSET=utf8mb4 COLLATE=utf8mb4_unicode_ci;
/*!40101 SET character_set_client = @saved_cs_client */;

--
-- Dumping data for table `profiles`
--

LOCK TABLES `profiles` WRITE;
/*!40000 ALTER TABLE `profiles` DISABLE KEYS */;
INSERT INTO `profiles` VALUES (1,'m','2009-11-08',1,'1971-11-26 11:04:43','North General'),(2,'f','2007-10-07',2,'1976-02-24 21:31:14','Felipaton'),(3,'f','2013-06-12',3,'1989-11-30 10:38:35','Kristaberg'),(4,'f','2018-03-07',4,'1987-02-10 21:21:45','Maddisonfort'),(5,'f','2004-03-24',5,'1993-03-05 17:10:51','Nonamouth'),(6,'m','2014-11-28',6,'1975-02-09 04:55:55','Waelchimouth'),(7,'m','2008-05-04',7,'2000-02-13 01:40:27','Gorczanyport'),(8,'m','2016-08-27',8,'1995-03-27 15:38:48','Beiertown'),(9,'f','2001-02-11',9,'2021-09-11 11:45:12','New Efrain'),(10,'f','1980-01-02',10,'2004-01-07 09:52:20','Lake Noemy'),(11,'m','1989-01-05',11,'2002-01-04 19:18:44','Maiachester'),(12,'f','2012-01-23',12,'2005-05-04 22:06:46','Lake Anthony'),(13,'m','1992-01-07',13,'1999-03-11 07:39:03','North Richmond'),(14,'f','1997-03-13',14,'1993-02-28 02:35:32','Rueckerborough'),(15,'m','2007-12-05',15,'1975-03-03 02:00:47','Zulaufton'),(16,'m','2007-12-13',16,'1991-09-15 10:33:47','Ladariusstad'),(17,'m','2000-01-21',17,'1990-01-31 02:17:58','Noeton'),(18,'m','2003-04-27',18,'1975-10-24 21:13:54','Emardbury'),(19,'m','1980-08-28',19,'1987-09-11 22:31:04','Blaiseville'),(20,'f','2015-12-10',20,'2013-11-27 23:03:31','Lake Franciscofort'),(21,'m','2010-04-19',21,'2019-04-20 11:32:03','East Evelynfort'),(22,'m','2013-08-26',22,'2008-08-15 08:27:31','West Jaceyville'),(23,'m','1996-04-04',23,'2017-01-16 15:39:00','East Howard'),(24,'f','1996-02-16',24,'1997-11-22 15:47:11','Billyfurt'),(25,'f','2009-03-23',25,'2001-03-25 07:45:48','Blandachester'),(26,'m','1997-08-27',26,'1970-07-16 02:09:48','South Melody'),(27,'m','2002-10-31',27,'2004-01-20 21:14:28','North Violetland'),(28,'f','1987-12-22',28,'2018-10-18 09:04:23','North Hector'),(29,'f','1985-12-19',29,'1984-06-04 08:39:59','Beahanmouth'),(30,'f','1985-12-14',30,'2016-11-08 00:57:30','West Theresiashire'),(31,'m','1995-02-01',31,'1973-11-07 18:20:02','Langworthstad'),(32,'f','2021-08-19',32,'2011-04-12 03:30:44','Coleborough'),(33,'f','1997-02-27',33,'1976-07-19 17:27:45','Mackborough'),(34,'f','2012-06-01',34,'2006-09-26 18:35:40','New Monserrate'),(35,'m','1985-09-19',35,'2021-11-22 05:35:46','North Brennanberg'),(36,'m','1982-03-30',36,'1980-03-31 14:20:40','Pricetown'),(37,'m','1988-07-01',37,'1982-12-14 21:59:53','North Yadira'),(38,'m','1991-05-09',38,'2008-06-23 11:10:38','North Bobbie'),(39,'f','2016-07-09',39,'2005-11-07 05:34:14','New Felipa'),(40,'f','2016-07-31',40,'1983-02-27 20:11:00','East Lennyhaven'),(41,'f','1978-10-02',41,'1982-11-23 12:37:45','Tarafurt'),(42,'m','1979-05-21',42,'1999-10-08 07:01:03','North Kaylin'),(43,'f','1996-08-28',43,'1987-02-24 08:24:13','Courtneyburgh'),(44,'m','2016-03-12',44,'2021-09-02 05:04:55','Pacochaton'),(45,'f','2001-07-15',45,'1999-11-28 05:55:44','Bechtelarfort'),(46,'m','1979-04-25',46,'2011-12-20 01:20:33','Isabellaberg'),(47,'f','2010-05-17',47,'1999-10-06 00:16:20','East Robyn'),(48,'f','2011-01-10',48,'2005-01-20 22:00:56','South Eula'),(49,'f','1986-03-29',49,'2004-07-09 17:25:37','Conroyton'),(50,'f','1974-01-19',50,'1979-01-07 21:28:00','Lefflerburgh'),(51,'m','1992-01-01',51,'2001-05-03 06:52:19','D\'Amoreside'),(52,'m','2001-03-08',52,'1989-06-17 06:08:05','Tesston'),(53,'f','2005-10-18',53,'2012-11-14 01:16:33','South Barbaraland'),(54,'m','2010-08-03',54,'1975-11-13 22:28:30','East Gaston'),(55,'m','2016-09-20',55,'1984-08-16 05:23:17','East Sister'),(56,'m','2020-01-17',56,'1994-03-20 16:02:41','South Quintenland'),(57,'f','1981-04-14',57,'1996-11-09 02:50:17','Port Gustaveshire'),(58,'f','2006-11-24',58,'1976-02-02 06:33:50','North Alejandra'),(59,'f','1997-02-18',59,'2001-09-27 21:46:31','South Austynville'),(60,'m','2017-06-03',60,'2014-09-20 09:23:14','West Santina'),(61,'f','1992-04-14',61,'1978-07-25 10:43:31','North Melisa'),(62,'f','2003-07-21',62,'2012-01-02 10:43:45','Fishershire'),(63,'m','2000-05-23',63,'2021-07-06 18:15:38','New Yadirastad'),(64,'f','2005-01-25',64,'2007-06-02 23:44:23','Connellyburgh'),(65,'f','1987-07-07',65,'1997-01-12 15:24:51','New Makayla'),(66,'m','2000-10-31',66,'2010-06-28 05:33:56','South Rubie'),(67,'f','1987-06-08',67,'1997-07-20 11:38:12','North Elissatown'),(68,'m','1985-09-25',68,'1975-10-29 10:26:04','New Royalview'),(69,'f','1970-11-01',69,'1970-01-03 13:02:07','Wolfbury'),(70,'m','2001-01-02',70,'2017-06-21 19:33:28','North Santinamouth'),(71,'f','1983-09-05',71,'2002-08-06 09:17:07','Sauerberg'),(72,'m','2001-09-30',72,'1980-08-27 16:30:35','Eloisamouth'),(73,'m','2000-05-19',73,'2020-06-22 23:58:35','Annieland'),(74,'f','1981-09-11',74,'1995-12-30 04:00:19','West Altamouth'),(75,'f','1993-07-30',75,'1996-01-18 22:34:27','East Ramirobury'),(76,'m','1991-09-15',76,'1991-09-14 13:33:51','West Dorthy'),(77,'f','1996-09-24',77,'1990-05-03 21:57:28','Eldredstad'),(78,'m','1999-12-04',78,'1971-09-02 17:27:56','West Jordan'),(79,'f','2004-10-27',79,'1993-04-15 17:18:31','Friesenport'),(80,'f','2014-10-28',80,'2021-04-04 17:21:35','Marjoryville'),(81,'m','1970-02-24',81,'1996-04-22 23:58:15','South Elouise'),(82,'f','2016-01-12',82,'2000-08-13 16:40:57','Port Keshawn'),(83,'m','1991-06-03',83,'1995-08-11 13:29:38','Botsfordstad'),(84,'m','1974-04-29',84,'1988-10-26 12:21:41','South Hankhaven'),(85,'m','1996-01-11',85,'1989-12-22 12:43:37','Kovacekchester'),(86,'f','1990-07-12',86,'2005-03-30 00:03:01','West Clarabellehaven'),(87,'m','1978-12-18',87,'1977-03-08 19:32:57','Huelberg'),(88,'f','2000-12-16',88,'1990-02-27 11:06:40','Croninhaven'),(89,'f','1984-07-05',89,'2002-05-08 01:51:22','New Berniecefurt'),(90,'f','1989-06-17',90,'1973-11-09 16:12:18','Kuhnhaven'),(91,'m','1994-10-18',91,'2015-06-27 16:55:35','North Alena'),(92,'m','1979-08-20',92,'1970-10-07 01:33:11','Evanburgh'),(93,'f','2016-09-07',93,'1971-03-21 00:14:11','Imanichester'),(94,'f','1997-12-25',94,'2016-11-19 15:09:35','Nikitamouth'),(95,'m','2007-09-15',95,'1978-06-05 09:50:35','North Quincyport'),(96,'f','2001-03-13',96,'2008-08-10 02:06:00','Lake Hobart'),(97,'f','2011-06-22',97,'2004-09-24 01:20:11','Lake Aileen'),(98,'m','1984-12-11',98,'1971-07-22 01:39:05','Gleasonshire'),(99,'m','1996-11-16',99,'1989-04-01 19:18:24','Teresaborough'),(100,'f','1970-05-18',100,'1984-02-02 23:48:37','Port Jennifer');
/*!40000 ALTER TABLE `profiles` ENABLE KEYS */;
UNLOCK TABLES;

--
-- Table structure for table `users`
--

DROP TABLE IF EXISTS `users`;
/*!40101 SET @saved_cs_client     = @@character_set_client */;
/*!40101 SET character_set_client = utf8 */;
CREATE TABLE `users` (
  `id` bigint(20) unsigned NOT NULL AUTO_INCREMENT,
  `firstname` varchar(100) COLLATE utf8mb4_unicode_ci DEFAULT NULL,
  `lastname` varchar(100) COLLATE utf8mb4_unicode_ci DEFAULT NULL COMMENT '',
  `email` varchar(100) COLLATE utf8mb4_unicode_ci DEFAULT NULL,
  `password_hash` varchar(100) COLLATE utf8mb4_unicode_ci DEFAULT NULL,
  `phone` bigint(20) DEFAULT NULL,
  `is_deleted` bit(1) DEFAULT b'0',
  PRIMARY KEY (`id`),
  UNIQUE KEY `email` (`email`),
  KEY `users_firstname_lastname_idx` (`firstname`,`lastname`)
) ENGINE=InnoDB AUTO_INCREMENT=101 DEFAULT CHARSET=utf8mb4 COLLATE=utf8mb4_unicode_ci;
/*!40101 SET character_set_client = @saved_cs_client */;

--
-- Dumping data for table `users`
--

LOCK TABLES `users` WRITE;
/*!40000 ALTER TABLE `users` DISABLE KEYS */;
INSERT INTO `users` VALUES (1,'Antoinette','Breitenberg','mallie.pouros@example.net','ca05aa13b01bcd62c3edf7544d2e89942a996717',481233,''),(2,'Tianna','Kohler','koepp.josiah@example.org','da3a8d9885649d04224a2d8baa1889dc26a4f38f',382197,'\0'),(3,'Erich','Erdman','swill@example.net','3043fe21a626e9a09371487bba6ddd5d59b4b6a3',898258,'\0'),(4,'Roderick','Bosco','merl.kub@example.com','134c0036824e1d471ae6c3bf978961af4bfae3b2',532,''),(5,'Nona','Bernier','rodolfo.franecki@example.com','f52f679936b9a2ad8db8aeff887e9493b90b60e8',218395,'\0'),(6,'Rosie','Kilback','jgoyette@example.org','1c97665255f216117a740328e8e336654263b3f6',836,''),(7,'Maudie','Halvorson','block.johnson@example.org','f9a30cf95de081161bdde5a6a7ed3c18da875d27',0,'\0'),(8,'Dayana','Kihn','schneider.elenora@example.org','20be224074a591402603edf4c8d166b2abb80cee',679736,'\0'),(9,'Dana','Leannon','schmitt.adolphus@example.org','c51d477075df01a935069aa83eb445f745c9e441',1,'\0'),(10,'Dayton','Quitzon','streich.nigel@example.net','0ac56da7a373b0d9acbf773975ea5e05e3b41ce6',1,''),(11,'Daphnee','Ledner','kirlin.naomie@example.net','4e5b636e92134bbe9d3f7a44eb857031950dcd9a',623,'\0'),(12,'Lori','Anderson','whermiston@example.net','eaf0770288ef4f7a8f37c6b635bd9c19bef5e253',0,''),(13,'Selina','Windler','mschaden@example.com','2c424f50951f6a790d4c86f3556c1f12ab09e76a',826834,''),(14,'Lora','Ferry','maudie.beer@example.net','8ca8588cdc5fefa873a5be272478df0e21b44fad',0,'\0'),(15,'Dee','Beahan','jhirthe@example.org','a52b13b6375d7d0277406fc437a00ed5757f4b29',9213865845,''),(16,'Antone','Reilly','annabel68@example.com','7727978a66fd69c7fdcec77711fb2a03e66c85c2',0,'\0'),(17,'Aurelio','Wolf','oconroy@example.com','87969abf0f6a916a6d4e43d0cd0148d87ec91f67',0,''),(18,'Era','Bradtke','jsipes@example.com','0fe74069ae3b8660472f5f17747e25fccad51188',0,''),(19,'Alphonso','Grant','andy.kunde@example.com','36dc162614fffe8f2f8fcb66e07a89ad351a1a65',0,''),(20,'Hugh','Walsh','delmer.legros@example.net','b91d8e5582e537ff357effaf29b9ceefc0a1f462',0,''),(21,'Blair','Maggio','quincy.grady@example.net','f4ddd38e5ed31d9790208f4f4b71826f4de3d1a7',75502,''),(22,'Amina','Hilpert','dandre28@example.com','64ca84f7439b5876f949ef5f127b15f06dec0877',50065,''),(23,'Colleen','Roob','louisa.vandervort@example.com','4662943971e86cbe139db44530e5d8843c059c01',745,'\0'),(24,'Susanna','Murazik','genoveva00@example.org','f7eb0db27d7deb2b6a69fe1ba788cf193b38f3df',0,''),(25,'Rico','Champlin','chelsey18@example.com','ab1158f85545a39b9729e8dbe1972494ef86fc10',0,'\0'),(26,'Morton','Kemmer','unique.hauck@example.com','31237bf7c8a0b31930ee6e5448a752cdd8adbefa',0,'\0'),(27,'Evie','Herman','modesta92@example.org','35e554796fa2f1942b9d0cf7570be75f27f86659',3280460484,'\0'),(28,'Marion','Streich','wilkinson.aliyah@example.net','8c8c3a02bbf38a969ebf32aaeb749972543391fa',0,'\0'),(29,'Nathaniel','Barrows','harber.general@example.org','6786ad6aa8c23cf2dc6c7f42293317b482dc33d8',103421,'\0'),(30,'Breana','Reichel','arlene.blick@example.com','649ce97ae7e1dc969985926402a894f87ba349bd',1,''),(31,'Stewart','Emard','ncarroll@example.org','3fa9838a08f02a3b2cfa06cefb26eb10c104301e',0,'\0'),(32,'Creola','Wunsch','emmanuel12@example.org','c35d9d87a3a712201c24f86ebd715aea37a9b895',387724,''),(33,'Hadley','Jast','vrenner@example.com','7b31f379540109854a53218b6d4f9b103003be30',0,''),(34,'Francesca','Spencer','dwilderman@example.org','a43aa49c3f114f77aea50b80fd71c7010dbecf7e',0,'\0'),(35,'Elmo','Hoeger','switting@example.com','f62173dee9e609f3db885db6b10d4280d69bfafe',316646,''),(36,'Arturo','Dickens','fweissnat@example.org','d361fbcca758b707e284e4ba22a639fa90d98ea8',882,''),(37,'Carmelo','Kreiger','brain32@example.com','ff427dccb9c970090fc220f4e58993caeed2e8d0',640,'\0'),(38,'Maya','Kohler','guiseppe.rowe@example.com','920b31f4f317470e94a915b1f988ccd05da8eca3',871,'\0'),(39,'Bertha','Schroeder','deangelo98@example.org','5c9dd1649d3e7608ed51f96bd5f8edc8024e2c0c',3153839723,'\0'),(40,'Ruben','Hegmann','dwolff@example.org','1c5aaea0982c5f4187f9223be18e8095e6a30d2f',1,'\0'),(41,'Tess','McDermott','konopelski.ardella@example.com','ea84d1cee15a0c8da1cb3c4f82938494228ded7e',834,'\0'),(42,'Walker','Torp','davis.camden@example.org','319b7bc1bc1237cf31eb049d0bf9ec1d60679784',63833,'\0'),(43,'Winifred','Cruickshank','hegmann.chasity@example.org','e04c779dea9a93805c0ba79312dff6b2f31d9db4',1,''),(44,'Sammy','Predovic','elsie75@example.com','a459ba6880cece3881945df058570c613775b6f3',0,'\0'),(45,'Nasir','Grant','akub@example.com','e028e79c1c586e834127f9e6c74f517fde1f616b',0,''),(46,'Shirley','Weimann','macejkovic.ozella@example.org','4f1877aea327c1efcaf9b1b76ef0bd0167fc8f92',1,''),(47,'Jerel','Stiedemann','aquitzon@example.net','fd9ef4af06b94c78120fe0d6bacd698db88d5eba',702,''),(48,'Skyla','Waters','mayer.rowland@example.org','c44865bbc5a08170ab8f8cb15ba8c8b842ee1274',243031,'\0'),(49,'Weston','Kertzmann','helga87@example.org','9c078c2f76661195b6d886bc7ead4da44cbfe9f6',0,''),(50,'Frederick','Bosco','hodkiewicz.durward@example.net','12ea5f5da92cd879509229f12a4441dfec28f505',1,'\0'),(51,'Maximus','Murray','salvatore.kuphal@example.net','df553c668908f7baf756db5bd91285521769422a',0,''),(52,'Fidel','Marquardt','tyshawn98@example.org','321541886495b47cb2091db7e4e6cc5140b484ca',751730,'\0'),(53,'Dewayne','Hahn','klindgren@example.com','acf657e61f9def5c6933d147d393a6fbad3261d1',1,''),(54,'Patsy','Conroy','alisha85@example.net','793c5b42e4850e1730d73bcd551d1ee8e6b4824e',16,'\0'),(55,'Wanda','Bednar','herminio.romaguera@example.com','1f945e95ee19ff48882eb1c214966694f9b762fb',318861,'\0'),(56,'Anderson','Auer','gtromp@example.com','2da68a4cb796db30bf0d29915b9a63b767038c96',0,'\0'),(57,'Landen','Rau','uparker@example.com','334a0e31f6a3110244e2f23f396c71f76a1d7b2a',6,''),(58,'Vaughn','Hayes','thompson.ashlynn@example.org','7ebd6083fd12167602cc3d2978fa497aa96d9828',844601,'\0'),(59,'Norma','Macejkovic','makenna65@example.com','d22fef8703ce1c723c06db40e02acd6a7c8d7a31',432744,''),(60,'Vernie','Effertz','wrunolfsdottir@example.net','e1c7a6f36ccea029b4f3d73001f54a1484ff3a03',0,'\0'),(61,'Shaina','Fadel','bailey.alejandra@example.com','21aeee90f2f5affa61befbdfb7ea49d7215a7daa',630830,''),(62,'Rebecca','Barton','dlesch@example.org','ac7664698c5a9c81d64f21666d231f2437247063',1,'\0'),(63,'Pearl','Nikolaus','wilma.emard@example.com','8552260eda4df5dfbc4b10780c0d06f45783e085',1,''),(64,'Lydia','Greenholt','ymertz@example.net','84eb565a071d3a669f6a7169dd382b8e04e17bdc',1,'\0'),(65,'Mazie','Haag','hodkiewicz.rigoberto@example.com','a97049ed7e2ca22e3271267348fae080d6f5f543',0,'\0'),(66,'Kari','Legros','broderick.blanda@example.net','e299ed5b59b2a41b20f14a3630de9c85c6f5b1e5',35,'\0'),(67,'Branson','Torphy','prohaska.shaina@example.org','1a601ffc3bfe940f89af119be9b2672d84ae6936',1,'\0'),(68,'Easter','Erdman','block.luigi@example.org','056ede019beb17a2c35844b6e40cc1437ddd6e90',0,''),(69,'Nikki','Grady','chudson@example.net','45c8f37b6ce36ef013bcdda0ae5dd347cdef6eb3',1,'\0'),(70,'Kasandra','Kuvalis','kennith77@example.net','5eb50fed73e7ecd46db10b282dd187fbd1712bd5',541,'\0'),(71,'Lavina','Anderson','abbott.providenci@example.com','4912360c7e0ff14f0b063e86d80242af712fa72f',283222157,'\0'),(72,'Angelica','Gerlach','ccartwright@example.net','a690e4442d0f6e28208ae7890b7a8dfd9ee8edb9',488,''),(73,'Ona','Heathcote','tony.rodriguez@example.org','fda98f15dbe7f359abc2da19020a1388efa88839',0,'\0'),(74,'Vella','Hegmann','delphia.stoltenberg@example.net','85ccf3760ff11ee2759eb8e6d4edd51304677cdd',0,'\0'),(75,'Rhett','Ledner','orpha.harvey@example.org','fbfcb143c1f06040afda0d1d636bdd57d8434c5b',57,'\0'),(76,'Rosanna','Hoppe','shanelle.lueilwitz@example.org','81669f1b2551ec6924031d6dbdc93cf7cf38d6da',0,''),(77,'Florine','Schaden','kiehn.jamar@example.net','2e145b2d7875de7ed1f231d5578ada183d50d677',5139093264,''),(78,'Abigayle','Langworth','qfranecki@example.com','57fa4ed336eb61926ad3ac29cc53b151ae1215af',1,''),(79,'Kennedy','Reinger','ciara.greenholt@example.net','59bbf0b78f1fdbff811ddb77b68fa842980aba52',95,'\0'),(80,'Litzy','Romaguera','parisian.eunice@example.org','a2083bc12378884af069d0a1397569e21073f412',617468,'\0'),(81,'Stewart','Schroeder','mbailey@example.com','fbf9fa3888b366e148450f3853f9e68d5b753543',167102344,'\0'),(82,'Wallace','Tillman','vivianne.pacocha@example.com','507e219805f02bbd0dfcd63d44e86b3feb358288',0,''),(83,'Elisha','Gislason','danielle16@example.org','c634ba49698f65056926bdf909764750f5b2601b',110,''),(84,'Trinity','Hermiston','rosina.legros@example.com','c861524c9cb9d8d3eeedca0506db7936dd2bb57d',567,'\0'),(85,'Dylan','Rowe','ned.hackett@example.net','f29b52733b5a39299e122b136b983cfb1a16016e',385029,'\0'),(86,'Makayla','Ryan','dulce81@example.com','21767248aa155b64f8fd98ce5c1d82ff9206ca17',8827115190,''),(87,'Jamaal','Welch','emelie55@example.com','e6a9a996123a1e21e63d62c0d353141e1826ed1c',14,'\0'),(88,'Buster','Hudson','elton07@example.net','c3777600d9f50073fe464d3e955e5d57d82c516e',505208,'\0'),(89,'Saige','Borer','ejerde@example.com','d1da417add60a6085d11fd86d1859ea723b274c4',24,'\0'),(90,'Ken','Bode','isaac.o\'keefe@example.com','2dfaee033290905c186b4e43c3751b998948e19d',0,''),(91,'Lester','Gleichner','buford.reichert@example.net','e7062db1901e5e8a7abd78751977176861e7aaf7',0,''),(92,'Zella','Wilkinson','berneice.yundt@example.org','0acd5fc421adbf8dd55c4b87ee7d63f4a2d06827',1,'\0'),(93,'Kacie','Little','robbie61@example.com','12c7ead69b08aca07e9b8f15ae07de210e8e899f',89,'\0'),(94,'Cortney','Larkin','mohammed27@example.net','bf22af078d28379394d90e42a584557ab8375aee',1,''),(95,'Green','O\'Reilly','michelle.west@example.com','a511c4e8979a30d2c646cc4e3fa4789326407c01',53,''),(96,'Joanie','Gutmann','zboncak.joshuah@example.org','4ad5ccac8d0c45a8cf8c0643f96550715f809eba',1,'\0'),(97,'Annabell','Streich','kaitlyn.bashirian@example.com','bbdd574255c43d33f8c365edc3c8cbcf618d2177',0,''),(98,'Shanny','Feest','torphy.sierra@example.com','bf0b2b63ca60e3f163058bd00a37eead3d330ba8',155644,'\0'),(99,'Daniela','Williamson','johnson.garry@example.org','0b44f357a2e2e3659243f879f43524f703be0e88',733193,'\0'),(100,'Clotilde','Mayert','kgreen@example.com','5a275fefb3b1d210e492c8422480776879ed8c9b',67618,'\0');
/*!40000 ALTER TABLE `users` ENABLE KEYS */;
UNLOCK TABLES;

--
-- Table structure for table `users_communities`
--

DROP TABLE IF EXISTS `users_communities`;
/*!40101 SET @saved_cs_client     = @@character_set_client */;
/*!40101 SET character_set_client = utf8 */;
CREATE TABLE `users_communities` (
  `user_id` bigint(20) unsigned NOT NULL,
  `community_id` bigint(20) unsigned NOT NULL,
  PRIMARY KEY (`user_id`,`community_id`),
  KEY `community_id` (`community_id`),
  CONSTRAINT `users_communities_ibfk_1` FOREIGN KEY (`user_id`) REFERENCES `users` (`id`) ON DELETE CASCADE ON UPDATE CASCADE,
  CONSTRAINT `users_communities_ibfk_2` FOREIGN KEY (`community_id`) REFERENCES `communities` (`id`) ON DELETE CASCADE ON UPDATE CASCADE
) ENGINE=InnoDB DEFAULT CHARSET=utf8mb4 COLLATE=utf8mb4_unicode_ci;
/*!40101 SET character_set_client = @saved_cs_client */;

--
-- Dumping data for table `users_communities`
--

LOCK TABLES `users_communities` WRITE;
/*!40000 ALTER TABLE `users_communities` DISABLE KEYS */;
INSERT INTO `users_communities` VALUES (1,1),(2,2),(3,3),(4,4),(5,5),(6,6),(7,7),(8,8),(9,9),(10,10),(11,11),(12,12),(13,13),(14,14),(15,15),(16,16),(17,17),(18,18),(19,19),(20,20),(21,21),(22,22),(23,23),(24,24),(25,25),(26,26),(27,27),(28,28),(29,29),(30,30),(31,31),(32,32),(33,33),(34,34),(35,35),(36,36),(37,37),(38,38),(39,39),(40,40),(41,41),(42,42),(43,43),(44,44),(45,45),(46,46),(47,47),(48,48),(49,49),(50,50),(51,51),(52,52),(53,53),(54,54),(55,55),(56,56),(57,57),(58,58),(59,59),(60,60),(61,61),(62,62),(63,63),(64,64),(65,65),(66,66),(67,67),(68,68),(69,69),(70,70),(71,71),(72,72),(73,73),(74,74),(75,75),(76,76),(77,77),(78,78),(79,79),(80,80),(81,81),(82,82),(83,83),(84,84),(85,85),(86,86),(87,87),(88,88),(89,89),(90,90),(91,91),(92,92),(93,93),(94,94),(95,95),(96,96),(97,97),(98,98),(99,99),(100,100);
/*!40000 ALTER TABLE `users_communities` ENABLE KEYS */;
UNLOCK TABLES;
/*!40103 SET TIME_ZONE=@OLD_TIME_ZONE */;

/*!40101 SET SQL_MODE=@OLD_SQL_MODE */;
/*!40014 SET FOREIGN_KEY_CHECKS=@OLD_FOREIGN_KEY_CHECKS */;
/*!40014 SET UNIQUE_CHECKS=@OLD_UNIQUE_CHECKS */;
/*!40101 SET CHARACTER_SET_CLIENT=@OLD_CHARACTER_SET_CLIENT */;
/*!40101 SET CHARACTER_SET_RESULTS=@OLD_CHARACTER_SET_RESULTS */;
/*!40101 SET COLLATION_CONNECTION=@OLD_COLLATION_CONNECTION */;
/*!40111 SET SQL_NOTES=@OLD_SQL_NOTES */;

-- Dump completed on 2021-12-19 10:42:04
